state,county,tract,NAME,GEO_ID,S0101_C01_001E,S1101_C01_001E,S1101_C01_002E,S0101_C01_032E,S0101_C01_033E,S2506_C01_009E,S2504_C01_015E,S2504_C02_015E,S2504_C01_009E,S2504_C02_009E,S2501_C01_008E,S2501_C02_008E,S2504_C01_001E,S2504_C03_001E,S1501_C01_009E,S1501_C02_009E,S1501_C02_015E,S1901_C01_012E,S1901_C01_013E,S1701_C01_001E,S1701_C02_001E,S1701_C03_001E,S2303_C01_001E
32,3,3250,"Census Tract 32.50, Clark County, Nevada",1400000US32003003250,5583,1892,2.95,69.6,19.5,241500,0,0,0,0,0,0,1892,754,686,19.6,40.8,76522,103978,5583,868,15.5,3557
32,3,3251,"Census Tract 32.51, Clark County, Nevada",1400000US32003003251,2388,844,2.83,89.5,40.7,250600,0,0,0,0,0,0,844,207,292,17.8,42.6,102976,145567,2380,215,9,1348
32,3,3252,"Census Tract 32.52, Clark County, Nevada",1400000US32003003252,4815,1799,2.68,38.8,16.3,250300,0.6,0,0,0,0,0,1799,760,682,18.1,39.8,80938,83489,4815,336,7,3570
32,3,3253,"Census Tract 32.53, Clark County, Nevada",1400000US32003003253,3929,1287,3.05,50.2,16.5,149500,0,0,0,0,0.8,1.4,1287,568,840,32.7,14.5,56209,68772,3918,441,11.3,2677
32,3,3254,"Census Tract 32.54, Clark County, Nevada",1400000US32003003254,3885,1419,2.73,49.7,17.9,121800,0.9,1.8,1.1,0,0,0,1419,703,636,22.6,26.1,49181,64256,3874,592,15.3,2633
32,3,3260,"Census Tract 32.60, Clark County, Nevada",1400000US32003003260,3527,1496,2.36,65.9,27.8,105200,0,0,0,0,0,0,1496,711,710,27.9,20.6,45333,53725,3527,325,9.2,2171
32,3,3261,"Census Tract 32.61, Clark County, Nevada",1400000US32003003261,2594,984,2.64,59.8,26.6,139000,0,0,0,0,0,0,984,453,698,35.6,20.2,59135,77098,2594,313,12.1,1769
32,3,3262,"Census Tract 32.62, Clark County, Nevada",1400000US32003003262,2853,1670,1.71,490.7,490.7,247000,0,0,0,0,0,0,1670,187,839,29.5,34.3,58103,79005,2853,144,5,483
32,3,3307,"Census Tract 33.07, Clark County, Nevada",1400000US32003003307,6416,2098,3.06,72.7,24.5,165100,0.7,1,0,0,0,0,2098,633,1241,29.8,22.8,67333,77744,6323,549,8.7,3807
32,3,3308,"Census Tract 33.08, Clark County, Nevada",1400000US32003003308,3026,922,3.28,48.8,18.5,288500,0.7,0,0,0,0.7,0,922,87,555,26.2,25.1,91765,98186,3020,154,5.1,2108
32,3,3309,"Census Tract 33.09, Clark County, Nevada",1400000US32003003309,4074,1526,2.67,64.3,27.9,265700,0,0,0,0,0,0,1526,405,868,30.7,21.6,82541,85304,4074,334,8.2,2632
32,3,3310,"Census Tract 33.10, Clark County, Nevada",1400000US32003003310,4830,1648,2.89,58.8,18.9,356800,0,0,0.4,0,0,0,1648,381,908,27.3,34.7,88542,100414,4784,309,6.5,3232
32,3,3311,"Census Tract 33.11, Clark County, Nevada",1400000US32003003311,3716,1240,3,69.9,21.6,166800,0,0,0,0,0,0,1240,175,538,23.2,27,64082,75097,3716,380,10.2,2280
32,3,3312,"Census Tract 33.12, Clark County, Nevada",1400000US32003003312,3775,1051,3.59,67.6,13.1,300200,0,0,0,0,0,0,1051,114,335,15.2,35.3,116033,128429,3775,200,5.3,2457
32,3,3313,"Census Tract 33.13, Clark County, Nevada",1400000US32003003313,3204,1011,3.17,72.4,11,184500,0,0,0,0,0,0,1011,372,599,32,17.2,70541,81471,3178,136,4.3,1960
32,3,3314,"Census Tract 33.14, Clark County, Nevada",1400000US32003003314,7274,2529,2.88,68.7,15,281000,0.6,0.7,0,0,0,0,2529,431,886,18.7,32.7,81147,93711,7213,101,1.4,4465
32,3,3315,"Census Tract 33.15, Clark County, Nevada",1400000US32003003315,4286,1323,3.24,76.2,13.7,178900,0,0,0,0,0,0,1323,456,710,27.8,20.3,71686,78530,4256,425,10,2600
32,3,3316,"Census Tract 33.16, Clark County, Nevada",1400000US32003003316,5767,1684,3.42,74.7,17.2,245800,0,0,0,0,0,0,1684,290,799,23.1,33.3,101925,110567,5767,501,8.7,3534
32,3,3317,"Census Tract 33.17, Clark County, Nevada",1400000US32003003317,2546,890,2.86,52.5,12.9,152700,0,0,0,0,0,0,890,373,470,28.6,30.6,75188,74136,2546,73,2.9,1728
32,3,3318,"Census Tract 33.18, Clark County, Nevada",1400000US32003003318,4990,1801,2.77,70.2,18.5,171400,0,0,0,0,0,0,1801,530,783,24.3,23,69338,78765,4983,436,8.7,3072
32,3,3319,"Census Tract 33.19, Clark County, Nevada",1400000US32003003319,6387,1950,3.28,63,14.3,176200,0,0,0,0,0,0,1950,606,1170,30.5,22.2,70645,72692,6387,473,7.4,4143
32,3,3320,"Census Tract 33.20, Clark County, Nevada",1400000US32003003320,4820,1738,2.77,56.7,21.7,177200,0,0,2,3.5,0.6,0,1738,767,1017,31.5,23.6,73041,82541,4820,153,3.2,3229
32,3,3321,"Census Tract 33.21, Clark County, Nevada",1400000US32003003321,2459,847,2.9,70.5,36.5,377300,0,0,0,0,0,0,847,52,261,14.6,53.4,106042,122408,2377,167,7,1470
32,3,3426,"Census Tract 34.26, Clark County, Nevada",1400000US32003003426,3516,1187,2.95,79.7,34.3,180100,0,0,0,0,0,0,1187,632,789,34.5,13.4,45859,57628,3516,695,19.8,2085
32,3,3427,"Census Tract 34.27, Clark County, Nevada",1400000US32003003427,3652,1373,2.65,55.4,17,107200,0,0,0,0,1.7,0,1373,799,793,32,14.3,44861,66094,3652,619,16.9,2387
32,3,3428,"Census Tract 34.28, Clark County, Nevada",1400000US32003003428,2027,611,3.32,57.3,14.9,78000,0,0,0,0,0,0,611,276,587,45.2,9.5,43969,48311,1990,591,29.7,1356
32,3,3429,"Census Tract 34.29, Clark County, Nevada",1400000US32003003429,5470,1833,2.98,59.6,16.2,106100,0,0,0,0,5.9,3.3,1833,1282,1133,33.6,10.7,35598,47973,5443,1587,29.2,3559
32,3,3431,"Census Tract 34.31, Clark County, Nevada",1400000US32003003431,3278,996,3.29,71.9,7.3,-888888888,0,0,0,0,5.2,0,996,836,532,29.7,6.9,30650,35284,3278,1516,46.2,2027
32,3,3617,"Census Tract 36.17, Clark County, Nevada",1400000US32003003617,1365,499,2.74,51,14.7,83100,0,0,0,0,0,0,499,167,351,37.3,10.5,35074,42054,1339,279,20.8,1012
32,3,3619,"Census Tract 36.19, Clark County, Nevada",1400000US32003003619,3361,1080,3.11,65.7,14.2,281000,0.8,1,2,2.6,0,0,1080,221,388,18.5,40.5,122667,123719,3361,112,3.3,2152
32,3,3430,"Census Tract 34.30, Clark County, Nevada",1400000US32003003430,2755,1042,2.64,65.4,26.7,103500,0,0,0,0,2,1.4,1042,607,661,35.4,9.6,26950,35294,2755,631,22.9,1703
32,3,3616,"Census Tract 36.16, Clark County, Nevada",1400000US32003003616,4597,1439,3.19,83.2,22.3,106700,0,0,0,0,3.3,3.8,1439,643,1339,47.5,4.6,32981,42242,4561,1056,23.2,2772
32,3,3618,"Census Tract 36.18, Clark County, Nevada",1400000US32003003618,8209,2956,2.78,60.9,13.6,218300,0,0,0,0,0,0,2956,1134,1484,28.5,22,64131,73702,8148,812,10,5330
32,3,3620,"Census Tract 36.20, Clark County, Nevada",1400000US32003003620,5370,1625,3.3,56.8,9.2,221700,0,0,0,0,0,0,1625,399,706,21.2,41,93914,106448,5370,261,4.9,3653
32,3,3621,"Census Tract 36.21, Clark County, Nevada",1400000US32003003621,3114,1703,1.83,157.6,153.8,184100,0,0,0,0,0,0,1703,400,774,25.2,30.9,58057,88570,3114,116,3.7,1220
32,3,3622,"Census Tract 36.22, Clark County, Nevada",1400000US32003003622,6097,1763,3.46,53.8,5.1,184000,0.9,0,0.7,0.9,0,0,1763,367,628,16.5,29.8,81037,89149,6097,245,4,3985
32,3,3623,"Census Tract 36.23, Clark County, Nevada",1400000US32003003623,5705,1968,2.9,63.6,9.2,193300,0,0,0,0,1.6,0,1968,1407,827,25.7,15.2,56461,58154,5673,690,12.2,3737
32,3,3624,"Census Tract 36.24, Clark County, Nevada",1400000US32003003624,6523,1820,3.58,58.5,9.2,160800,0,0,0,0,2.6,0,1820,1088,1572,42.7,10.4,50250,74183,6509,473,7.3,4311
32,3,3625,"Census Tract 36.25, Clark County, Nevada",1400000US32003003625,8382,2247,3.73,71.3,10.7,169900,0,0,0,0,0.9,0,2247,984,1292,28.1,21.2,59185,70298,8332,1404,16.9,5128
32,3,3626,"Census Tract 36.26, Clark County, Nevada",1400000US32003003626,3936,1189,3.31,53.1,6.6,184600,0,0,0,0,0,0,1189,311,780,31.5,23.6,67962,70122,3936,534,13.6,2740
32,3,3627,"Census Tract 36.27, Clark County, Nevada",1400000US32003003627,4480,1478,3.03,48.6,8.8,158300,0,0,0,0,2.6,0,1478,894,882,35,19.2,53214,60385,4447,327,7.4,3107
32,3,3628,"Census Tract 36.28, Clark County, Nevada",1400000US32003003628,8931,2500,3.57,76,9,167900,0,0,0,0,1.3,1,2500,986,1732,36.9,18.5,55931,62270,8656,1477,17.1,5531
32,3,3629,"Census Tract 36.29, Clark County, Nevada",1400000US32003003629,6271,2047,3.06,65.5,12.9,156900,0,0,0,0,2.3,0,2047,929,1049,28.4,26.5,69046,72895,6245,388,6.2,3951
32,3,3630,"Census Tract 36.30, Clark County, Nevada",1400000US32003003630,6305,1943,3.24,53.7,16.1,141100,0,0,0,0,0,0,1943,756,1381,33.5,16.5,59981,69505,6285,750,11.9,4298
32,3,3631,"Census Tract 36.31, Clark County, Nevada",1400000US32003003631,3758,1164,3.22,59.6,13.4,154600,0,0,0,0,0.6,1,1164,483,619,27.1,17.8,56071,63553,3758,588,15.6,2453
32,3,3632,"Census Tract 36.32, Clark County, Nevada",1400000US32003003632,3299,1012,3.26,74,20.8,155500,0,0,0,0,1,1.8,1012,446,489,23.5,17.2,56932,69991,3299,354,10.7,2027
32,3,3633,"Census Tract 36.33, Clark County, Nevada",1400000US32003003633,3963,1141,3.47,79.1,10.9,132100,0,0,0,0,0,0,1141,449,701,32.1,13.5,51472,61349,3953,674,17.1,2412
32,3,3634,"Census Tract 36.34, Clark County, Nevada",1400000US32003003634,4430,1274,3.48,60.1,22.1,130100,0,0,0,0,1.9,3.1,1274,490,824,28.3,13.8,48300,68883,4426,406,9.2,2886
32,3,1402,"Census Tract 14.02, Clark County, Nevada",1400000US32003001402,4135,1122,3.69,49.8,14.9,108500,1.6,2.7,0,0,1.7,2.9,1122,463,927,31.3,6.3,33971,47990,4135,1219,29.5,2951
32,3,1501,"Census Tract 15.01, Clark County, Nevada",1400000US32003001501,2777,1518,1.82,47.9,26.6,70700,0,0,0,0,4,0,1518,1340,775,35.3,5.6,20824,27452,2777,1001,36,1915
32,3,2206,"Census Tract 22.06, Clark County, Nevada",1400000US32003002206,3604,1192,3.02,49.6,14.3,83200,1.9,0,0,0,4.1,2.6,1192,801,800,35.1,10.8,33016,36383,3604,819,22.7,2461
32,3,2207,"Census Tract 22.07, Clark County, Nevada",1400000US32003002207,4220,1333,3.17,80.2,2,-666666666,0,0,0,0,14,0,1333,1302,726,35.8,4.8,22984,27305,4220,2370,56.2,2490
32,3,2302,"Census Tract 23.02, Clark County, Nevada",1400000US32003002302,905,482,1.88,36.7,30.4,-888888888,0,0,0,0,0,0,482,362,206,24.5,40.4,61293,108412,899,63,7,662
32,3,2303,"Census Tract 23.03, Clark County, Nevada",1400000US32003002303,562,325,1.73,41.9,34.6,458300,0,0,0,0,2.2,3.3,325,115,70,13.9,56.7,105179,168719,562,21,3.7,396
32,3,2604,"Census Tract 26.04, Clark County, Nevada",1400000US32003002604,2049,1102,1.86,18.9,12.8,-666666666,0,0,0,0,4.1,0,1102,962,413,24.5,19.5,30714,37158,2049,512,25,1724
32,3,2605,"Census Tract 26.05, Clark County, Nevada",1400000US32003002605,724,501,1.45,20.7,12.3,-666666666,0,-666666666,0,-666666666,9,-666666666,501,501,229,35.9,14.9,24844,29764,724,244,33.7,600
32,3,2837,"Census Tract 28.37, Clark County, Nevada",1400000US32003002837,5886,2102,2.79,53.1,24.7,216900,0,0,0,0,1.5,1.7,2102,262,1287,29.6,25,83594,92559,5886,299,5.1,3987
32,3,2838,"Census Tract 28.38, Clark County, Nevada",1400000US32003002838,4931,2059,2.39,47.2,26.2,196400,0,0,0,0,0,0,2059,739,1149,31.8,30.5,60229,69004,4917,542,11,3397
32,3,2841,"Census Tract 28.41, Clark County, Nevada",1400000US32003002841,2720,1125,2.42,51.4,23.1,359300,0,0,0,0,0,0,1125,304,490,24,37.8,78558,101810,2720,93,3.4,1863
32,3,2842,"Census Tract 28.42, Clark County, Nevada",1400000US32003002842,5797,1814,3.2,61.5,14.3,170500,0,0,1.7,1.3,0,0,1814,728,826,23.6,34.2,74639,79614,5771,404,7,3801
32,3,2843,"Census Tract 28.43, Clark County, Nevada",1400000US32003002843,9187,2965,3.1,59.8,10.6,215000,0,0,1.3,0,0,0,2965,1704,1706,30.6,29.3,69005,75666,9173,684,7.5,5970
32,3,2844,"Census Tract 28.44, Clark County, Nevada",1400000US32003002844,6407,2408,2.66,43.3,8.8,132200,0,0,0,0,0,0,2408,1243,1176,28.1,24.7,60691,61633,6404,271,4.2,4618
32,3,2845,"Census Tract 28.45, Clark County, Nevada",1400000US32003002845,4895,1870,2.62,50.4,6.7,146400,0,0,0,0,0.5,0,1870,1253,743,26,28.2,52525,58580,4895,907,18.5,3455
32,3,2846,"Census Tract 28.46, Clark County, Nevada",1400000US32003002846,7756,2702,2.87,45.4,10.3,195600,0,0,0,0,0,0,2702,1518,1047,20,27.1,65338,72932,7756,344,4.4,5426
32,3,4715,"Census Tract 47.15, Clark County, Nevada",1400000US32003004715,6008,1913,3.14,56.5,8.9,-888888888,0,0,0,0,0.8,0,1913,1159,882,27.5,7,38323,44363,5993,1857,31,4033
32,3,4712,"Census Tract 47.12, Clark County, Nevada",1400000US32003004712,4964,1859,2.67,59.1,9.8,-888888888,0,0,0,0,2.1,5.3,1859,1390,878,31.1,13.3,22697,29757,4942,2309,46.7,3258
32,3,5012,"Census Tract 50.12, Clark County, Nevada",1400000US32003005012,2976,953,3.12,63.6,28.7,129500,0,0,0,0,0,0,953,255,659,31.3,9.5,57534,64665,2961,375,12.7,1864
32,3,5107,"Census Tract 51.07, Clark County, Nevada",1400000US32003005107,4179,1524,2.74,73.4,27.5,165200,0,0,0,0,0,0,1524,404,659,23.8,31.9,64103,71034,4155,362,8.7,2550
32,3,5200,"Census Tract 52, Clark County, Nevada",1400000US32003005200,3890,1481,2.26,59.2,29.5,71100,2.2,1.2,0,0,0,0,1481,973,1065,36.7,13.6,27264,38438,3293,878,26.7,2562
32,3,101,"Census Tract 1.01, Clark County, Nevada",1400000US32003000101,6757,1819,3.68,60.9,18.5,117000,0,0,0,0,0.8,1,1819,476,1356,32.2,9.5,46843,59055,6736,1154,17.1,4413
32,3,1715,"Census Tract 17.15, Clark County, Nevada",1400000US32003001715,2977,828,3.6,51,10,103600,0,0,0,0,6.5,6.4,828,419,663,38.2,12.3,45568,49632,2964,615,20.7,2030
32,3,1717,"Census Tract 17.17, Clark County, Nevada",1400000US32003001717,1412,469,2.97,84.1,52.3,201000,0,0,0,0,1.5,1.6,469,29,305,27.6,25,78615,97094,1412,86,6.1,832
32,3,2822,"Census Tract 28.22, Clark County, Nevada",1400000US32003002822,3984,1179,3.38,61.6,19.4,82300,0,0,0,0,0.3,0.4,1179,445,937,36.6,9.6,43411,49431,3984,594,14.9,2705
32,3,2823,"Census Tract 28.23, Clark County, Nevada",1400000US32003002823,3570,1745,2.05,44.4,18.7,66300,0,0,0,0,1.3,0,1745,1263,928,36,24.7,34697,44484,3515,503,14.3,2528
32,3,2825,"Census Tract 28.25, Clark County, Nevada",1400000US32003002825,3141,1172,2.68,52,25.8,153000,0,0,0,0,3.6,5.4,1172,389,947,38.1,20,55041,65335,3132,678,21.6,2121
32,3,2833,"Census Tract 28.33, Clark County, Nevada",1400000US32003002833,5634,1816,3.1,52.9,15.3,193500,0,0,0,0,0,0,1816,592,976,26.4,33.5,64664,76021,5634,532,9.4,3881
32,3,2916,"Census Tract 29.16, Clark County, Nevada",1400000US32003002916,2743,1102,2.48,44.7,20.7,668900,0,0,0,0,4,0,1102,704,500,24.7,29.1,48980,92381,2743,304,11.1,1920
32,3,516,"Census Tract 5.16, Clark County, Nevada",1400000US32003000516,5509,1241,3.72,65.8,15.3,-888888888,0,0,2.1,0,3.7,3.8,1241,538,932,29.7,9.8,31065,38753,4564,1744,38.2,3473
32,3,517,"Census Tract 5.17, Clark County, Nevada",1400000US32003000517,5392,1627,3.31,64.2,14,102100,0,0,0,0,3.7,5.3,1627,1025,1074,34,9.1,36419,42836,5392,1093,20.3,3342
32,3,800,"Census Tract 8, Clark County, Nevada",1400000US32003000800,1958,1319,1.47,53.6,35.1,-888888888,5.6,0,0,0,3.5,0,1319,1290,461,28.3,14,16475,22866,1958,753,38.5,1292
32,3,1006,"Census Tract 10.06, Clark County, Nevada",1400000US32003001006,4067,1653,2.46,74.9,39,219800,0,0,0,0,0.5,0,1653,506,953,32.6,27.1,60417,80193,4039,318,7.9,2405
32,3,5016,"Census Tract 50.16, Clark County, Nevada",1400000US32003005016,5836,1906,3.06,62.1,29.3,105400,0,0,0,0,0,0,1906,547,1803,41.8,7.5,45143,57999,5836,158,2.7,3743
32,3,5017,"Census Tract 50.17, Clark County, Nevada",1400000US32003005017,5075,1587,3.2,49.1,8.9,146500,0,0,2.9,5.3,0,0,1587,717,836,25.6,28.6,61026,63396,5075,730,14.4,3537
32,3,5346,"Census Tract 53.46, Clark County, Nevada",1400000US32003005346,5511,1995,2.75,48.7,13.1,290900,0,0,1.4,0,0,0,1995,1334,958,26.7,34.3,57255,84252,5511,757,13.7,3862
32,3,5347,"Census Tract 53.47, Clark County, Nevada",1400000US32003005347,5277,2305,2.29,58.9,26.8,264500,0,0,0,0,0,0,2305,942,599,15,45.9,74943,122025,5277,515,9.8,3451
32,3,5348,"Census Tract 53.48, Clark County, Nevada",1400000US32003005348,5311,1611,3.29,84.5,26.6,387100,0,0,0,0,0,0,1611,278,630,19,40.1,101645,126632,5311,370,7,3127
32,3,5349,"Census Tract 53.49, Clark County, Nevada",1400000US32003005349,4263,1736,2.46,69.9,28,340500,0,0,0,0,1.7,2.6,1736,581,546,18.9,39.3,71374,90789,4263,446,10.5,2549
32,3,5350,"Census Tract 53.50, Clark County, Nevada",1400000US32003005350,3573,1384,2.58,60.7,23.7,313100,0,0,1.2,1.9,0,0,1384,524,430,16.8,45.9,86944,105927,3573,171,4.8,2317
32,3,5351,"Census Tract 53.51, Clark County, Nevada",1400000US32003005351,4510,1777,2.54,64.1,17.4,226000,0,0,0,0,0,0,1777,996,436,14.7,39.3,64297,75191,4498,619,13.8,2855
32,3,5352,"Census Tract 53.52, Clark County, Nevada",1400000US32003005352,3250,1134,2.87,55.3,16.3,285200,0,0,0,0,0,0,1134,236,286,13.1,45.3,84141,99860,3250,348,10.7,2177
32,3,5711,"Census Tract 57.11, Clark County, Nevada",1400000US32003005711,4759,1564,3.04,69.5,18.2,288500,0,0,0,0,0,0,1564,400,589,18.9,45.2,89432,104295,4745,257,5.4,2949
32,3,5712,"Census Tract 57.12, Clark County, Nevada",1400000US32003005712,8920,3550,2.51,70.6,36.9,232400,0,0,0,0,0.4,0.5,3550,706,1042,16.3,41,74474,92003,8920,449,5,5260
32,3,5713,"Census Tract 57.13, Clark County, Nevada",1400000US32003005713,5935,2631,2.26,94,58.6,252300,0,0,0,0,0,0,2631,391,1071,22.6,36,69014,82385,5935,283,4.8,3238
32,3,5714,"Census Tract 57.14, Clark County, Nevada",1400000US32003005714,5525,3187,1.73,281.3,281.3,339200,0,0,0,0,0,0,3187,340,1282,23.2,44.3,58646,74141,5525,160,2.9,1449
32,3,5715,"Census Tract 57.15, Clark County, Nevada",1400000US32003005715,4366,1827,2.39,76,43.1,557600,0,0,0,0,0,0,1827,331,479,14.2,57.8,118660,151794,4366,221,5.1,2547
32,3,5716,"Census Tract 57.16, Clark County, Nevada",1400000US32003005716,3840,2114,1.82,206.5,206.5,354500,0.4,0.5,0,0,0,0,2114,356,685,17.8,54.3,73942,86781,3840,186,4.8,1253
32,3,5822,"Census Tract 58.22, Clark County, Nevada",1400000US32003005822,6472,1926,3.36,66.1,12.7,267700,0,0,0,0,0,0,1926,591,541,13.9,45.4,110950,134584,6472,332,5.1,4044
32,3,5823,"Census Tract 58.23, Clark County, Nevada",1400000US32003005823,4600,1453,3.13,65.5,11.9,460700,0,0,2.2,3.7,0,0,1453,594,450,15.7,55.1,105781,138922,4600,118,2.6,2981
32,3,5824,"Census Tract 58.24, Clark County, Nevada",1400000US32003005824,3135,1377,2.28,58.8,24.2,389600,0.9,0,0.4,0.6,0,0,1377,417,434,18.5,58.2,80650,135840,3110,198,6.4,2014
32,3,5825,"Census Tract 58.25, Clark County, Nevada",1400000US32003005825,5828,2380,2.45,53.1,19.9,223000,0,0,0,0,0,0,2380,1599,883,21.8,30.7,46923,57995,5785,954,16.5,3884
32,3,5826,"Census Tract 58.26, Clark County, Nevada",1400000US32003005826,3879,1377,2.81,55.4,26.5,257400,0.7,0,0,0,0,0,1377,724,874,34,26.8,59507,74453,3839,284,7.4,2653
32,3,5827,"Census Tract 58.27, Clark County, Nevada",1400000US32003005827,6634,2268,2.93,56.5,21.9,225400,0,0,0.5,0.6,0,0,2268,393,1608,32.5,31.1,84897,96359,6634,525,7.9,4472
32,3,5828,"Census Tract 58.28, Clark County, Nevada",1400000US32003005828,7660,2466,3.11,56.2,8.8,213400,0,0,0.6,0.8,0.8,0,2466,501,892,17.9,41,84140,98026,7660,287,3.7,5092
32,3,5829,"Census Tract 58.29, Clark County, Nevada",1400000US32003005829,7037,2373,2.97,40.8,5.7,183200,0,0,0,0,0,0,2373,1068,1503,31.1,25.7,58188,72228,7022,764,10.9,5116
32,3,5830,"Census Tract 58.30, Clark County, Nevada",1400000US32003005830,3813,1555,2.45,35.1,7.3,-888888888,0,0,0.8,1.9,1,0,1555,861,485,17.4,41.5,60563,74197,3813,238,6.2,2849
32,3,5831,"Census Tract 58.31, Clark County, Nevada",1400000US32003005831,4576,1383,3.31,65.2,13.8,294600,0,0,1.4,1.7,0,0,1383,287,728,25.5,39.2,92404,107841,4559,326,7.2,2861
32,3,5832,"Census Tract 58.32, Clark County, Nevada",1400000US32003005832,4428,1523,2.91,49,7,212000,0,0,0.8,1,0,0,1523,312,620,20.7,31.3,78555,90408,4428,479,10.8,3047
32,3,5833,"Census Tract 58.33, Clark County, Nevada",1400000US32003005833,7161,2349,3.05,56.7,14.9,212300,0,0,4.8,6.8,0,0,2349,702,944,19.9,34.1,63581,81343,7131,528,7.4,4623
32,3,5834,"Census Tract 58.34, Clark County, Nevada",1400000US32003005834,2276,771,2.95,66.6,20.6,399400,0,0,0,0,0,0,771,263,433,28.1,26.9,85657,117103,2276,166,7.3,1419
32,3,5835,"Census Tract 58.35, Clark County, Nevada",1400000US32003005835,5082,1367,3.72,50.3,14.1,311700,0,0,0,0,0,0,1367,344,706,21,33.5,129083,140918,5082,86,1.7,3623
32,3,5836,"Census Tract 58.36, Clark County, Nevada",1400000US32003005836,4302,1416,3.04,57.7,10.3,177200,0,0,0,0,0,0,1416,722,669,24,30.3,78393,82920,4289,241,5.6,2830
32,3,5837,"Census Tract 58.37, Clark County, Nevada",1400000US32003005837,4702,1680,2.8,70.5,20.4,269000,0,0,0,0,0,0,1680,562,747,23.7,35.5,82308,96356,4691,307,6.5,3010
32,3,5838,"Census Tract 58.38, Clark County, Nevada",1400000US32003005838,6080,2017,3.01,51.4,9.6,224900,0,0,1.9,0,0,0,2017,913,867,21.9,35.2,78384,87627,6069,294,4.8,4121
32,3,5839,"Census Tract 58.39, Clark County, Nevada",1400000US32003005839,4110,1400,2.94,58.6,14,261200,0,0,0,0,0,0,1400,266,588,22.1,33.4,92304,135521,4110,198,4.8,2628
32,3,5840,"Census Tract 58.40, Clark County, Nevada",1400000US32003005840,9805,3171,3.09,51.1,6.9,168100,0,0,2.5,3.3,0,0,3171,1159,1758,27.4,30.4,61143,67719,9763,753,7.7,6746
32,3,5841,"Census Tract 58.41, Clark County, Nevada",1400000US32003005841,5001,2102,2.38,48.1,15.3,386100,0,0,0,0,0.3,0.4,2102,501,469,12.8,62.6,143382,213272,5001,288,5.8,3466
32,3,5842,"Census Tract 58.42, Clark County, Nevada",1400000US32003005842,2138,801,2.67,59.9,22.1,811400,0,0,5.4,7.1,0,0,801,195,220,14.9,48.7,116607,216057,2138,282,13.2,1385
32,3,5843,"Census Tract 58.43, Clark County, Nevada",1400000US32003005843,2671,1140,2.34,65.5,29.6,236600,0,0,0,0,0,0,1140,783,355,17.8,44.7,75789,88311,2671,322,12.1,1643
32,3,5844,"Census Tract 58.44, Clark County, Nevada",1400000US32003005844,6114,2435,2.51,63.6,22.2,333900,0,0,0,0,0,0,2435,1293,661,15.3,47.2,78036,121213,6114,194,3.2,3972
32,3,5845,"Census Tract 58.45, Clark County, Nevada",1400000US32003005845,4064,1637,2.48,68.5,30.1,285200,0,0,0,0,0,0,1637,734,448,15.7,48.4,73875,88504,4064,457,11.2,2473
32,3,5846,"Census Tract 58.46, Clark County, Nevada",1400000US32003005846,5139,2391,2.15,113.7,89.4,338700,0,0,0,0,0,0,2391,302,757,16.8,43.9,79634,114121,5139,197,3.8,2461
32,3,5847,"Census Tract 58.47, Clark County, Nevada",1400000US32003005847,1849,676,2.74,39.2,7.6,172700,0,0,0,0,0,0,676,352,317,23.7,36.8,72059,82847,1849,206,11.1,1366
32,3,5848,"Census Tract 58.48, Clark County, Nevada",1400000US32003005848,3939,1632,2.41,62.2,20.4,170200,0,0,0,0,0,0,1632,1203,654,25.4,30.5,44028,53684,3939,1020,25.9,2548
32,3,5849,"Census Tract 58.49, Clark County, Nevada",1400000US32003005849,3682,1137,3.23,53.1,14.6,185300,0,0,0,0,0,0,1137,519,808,33.4,24.5,52269,67929,3682,275,7.5,2515
32,3,5850,"Census Tract 58.50, Clark County, Nevada",1400000US32003005850,4023,1306,3.08,43.3,17.9,219900,0,0,0,0,0.6,0.9,1306,384,791,26.1,18.2,67289,113050,4023,273,6.8,2842
32,3,5851,"Census Tract 58.51, Clark County, Nevada",1400000US32003005851,6057,2280,2.66,40,11.6,-888888888,0,0,0,0,0,0,2280,1383,966,23.9,29.3,55216,106645,6057,487,8,4536
32,3,5852,"Census Tract 58.52, Clark County, Nevada",1400000US32003005852,4321,1627,2.66,46,12.6,255700,0,0,0,0,0,0,1627,544,810,27.3,35.8,69100,80915,4321,213,4.9,3076
32,3,5853,"Census Tract 58.53, Clark County, Nevada",1400000US32003005853,7804,2871,2.72,47.8,8,207000,0,0,0.3,0,0,0,2871,1710,1256,25.7,22.2,59720,66808,7804,961,12.3,5461
32,3,5854,"Census Tract 58.54, Clark County, Nevada",1400000US32003005854,10021,4024,2.49,40.4,12.7,132900,0,0,0.3,1.1,0,0,4024,2744,1767,25.1,29.2,46129,51705,10021,1306,13,7237
32,3,5855,"Census Tract 58.55, Clark County, Nevada",1400000US32003005855,6489,2257,2.88,58.7,13.8,243600,0,0,0.5,1.2,0,0,2257,1229,946,22.2,37.9,74618,92350,6489,723,11.1,4295
32,3,5856,"Census Tract 58.56, Clark County, Nevada",1400000US32003005856,4455,1433,3.11,57.8,15.5,259500,0,0,0,0,0,0,1433,656,558,17.9,44.9,71406,93251,4455,338,7.6,2948
32,3,5903,"Census Tract 59.03, Clark County, Nevada",1400000US32003005903,2417,1032,2.26,108.4,79.8,237300,0,0,0.9,1.2,0,0,1032,286,476,24.4,22.9,50098,58643,2326,97,4.2,1197
32,3,5904,"Census Tract 59.04, Clark County, Nevada",1400000US32003005904,2285,1175,1.94,150.3,133.3,245700,0,0,2,2.1,0,0,1175,103,493,23.1,33.1,62146,82178,2285,98,4.3,913
32,3,5905,"Census Tract 59.05, Clark County, Nevada",1400000US32003005905,2414,1260,1.92,107.4,91.1,151000,0,0,0,0,0,0,1260,585,817,38.9,18.8,38430,50530,2414,274,11.4,1194
32,3,6001,"Census Tract 60.01, Clark County, Nevada",1400000US32003006001,6490,1873,2.9,52.1,4.4,52400,0,0,0,0,5.1,0,1873,1760,983,26.1,15.4,36910,46781,5429,1336,24.6,4360
32,3,6104,"Census Tract 61.04, Clark County, Nevada",1400000US32003006104,3920,1249,3.14,57.9,22.1,285700,0,0,0,0,0,0,1249,268,588,21.7,29.6,62845,91629,3920,438,11.2,2647
32,3,6700,"Census Tract 67, Clark County, Nevada",1400000US32003006700,798,599,1.33,14.7,13.4,-888888888,0,0,0,0,0,0,599,517,138,18.2,51.8,68466,184166,798,95,11.9,696
32,3,6800,"Census Tract 68, Clark County, Nevada",1400000US32003006800,4706,1543,3.03,51.3,17.3,130900,0,0,0,0,1.3,0,1543,1110,1192,38.9,11.5,33005,47101,4666,1342,28.8,3278
32,3,6900,"Census Tract 69, Clark County, Nevada",1400000US32003006900,1849,739,2.48,77.6,55.8,231800,0,0,0,0,1.6,0,739,295,440,29.8,22.9,55313,67449,1823,101,5.5,1086
32,3,7100,"Census Tract 71, Clark County, Nevada",1400000US32003007100,3328,895,3.71,65.2,9.4,-888888888,2.5,1,0,0,6.4,8.9,895,410,518,31.8,4.5,31891,40382,3328,1260,37.9,2115
32,3,7200,"Census Tract 72, Clark County, Nevada",1400000US32003007200,4840,1470,3.29,66.7,17.1,102300,0.5,1,0,0,2.9,0,1470,776,746,26.3,18.2,38163,58214,4826,1428,29.6,3031
32,3,7500,"Census Tract 75, Clark County, Nevada",1400000US32003007500,3553,509,2.39,18.4,8.1,345600,7.5,7.6,1.2,1.4,1.6,1.9,509,89,915,31.9,16.3,74107,119445,1211,175,14.5,3085
32,3,7600,"Census Tract 76, Clark County, Nevada",1400000US32003007600,3903,1197,3.23,86,31.2,180000,4.9,3.4,0,0,1.4,2.1,1197,368,937,38.2,10.3,57455,65438,3840,259,6.7,2300
32,3,7800,"Census Tract 78, Clark County, Nevada",1400000US32003007800,2395,557,2.83,29,1.6,-666666666,0,0,0,0,19.2,0,557,553,218,25.1,7.3,26929,34367,1564,602,38.5,1897
32,3,4915,"Census Tract 49.15, Clark County, Nevada",1400000US32003004915,3352,879,3.81,47.6,13,138700,0,0,0,0,0.6,0.8,879,227,778,37.3,9.6,55368,57151,3334,517,15.5,2406
32,3,4919,"Census Tract 49.19, Clark County, Nevada",1400000US32003004919,4447,1303,3.4,65.2,18.1,165200,0,0,0,0,1.6,0.9,1303,314,601,22.4,13.9,71996,80493,4436,413,9.3,2896
32,3,5311,"Census Tract 53.11, Clark County, Nevada",1400000US32003005311,2979,977,3.05,56.6,16.9,193400,0,0,0,0,0,0,977,327,467,23.1,33.8,65893,69967,2979,281,9.4,1963
32,3,3635,"Census Tract 36.35, Clark County, Nevada",1400000US32003003635,5941,1718,3.46,55.3,14.5,160700,0,0,0,0,0,0,1718,399,1207,31.9,18.6,73621,77999,5903,278,4.7,4130
32,3,3636,"Census Tract 36.36, Clark County, Nevada",1400000US32003003636,2701,827,3.27,51.9,17.2,201100,0,0,0,0,0,0,827,248,589,33.2,26.3,78094,88147,2701,396,14.7,1904
32,3,3637,"Census Tract 36.37, Clark County, Nevada",1400000US32003003637,4777,1546,3.09,59.4,9.1,135200,0,0,1.6,0,0,0,1546,780,682,26,23.1,52791,69093,4744,489,10.3,3061
32,3,3638,"Census Tract 36.38, Clark County, Nevada",1400000US32003003638,3074,946,3.25,68.5,12.2,133400,0,0,0,0,0,0,946,389,563,30.8,16.5,51519,55245,3074,763,24.8,1884
32,3,3639,"Census Tract 36.39, Clark County, Nevada",1400000US32003003639,3806,1136,3.35,60.1,11.7,131800,0,0,0.9,1.3,0,0,1136,392,930,39.8,11.7,52759,60716,3806,493,13,2528
32,3,3640,"Census Tract 36.40, Clark County, Nevada",1400000US32003003640,5114,1514,3.38,62.3,11.8,122000,0,0,0,0,1.2,2,1514,616,990,33.9,8.8,55605,58356,5114,354,6.9,3323
32,3,3641,"Census Tract 36.41, Clark County, Nevada",1400000US32003003641,6116,1784,3.43,62.3,12.6,133100,0,0,0,0,1.5,1.4,1784,897,1158,34.5,15.4,49531,59024,6054,727,12,4017
32,3,3642,"Census Tract 36.42, Clark County, Nevada",1400000US32003003642,4483,1076,4.17,50.8,7.9,118600,0,0,0,0,0,0,1076,391,976,35.3,11.8,70114,90419,4476,485,10.8,3069
32,3,3643,"Census Tract 36.43, Clark County, Nevada",1400000US32003003643,5257,1613,3.26,71.6,13.3,121300,0.5,1,0,0,1.9,3.8,1613,800,1016,33.4,15.3,52470,57507,5201,935,18,3239
32,3,3644,"Census Tract 36.44, Clark County, Nevada",1400000US32003003644,4462,1548,2.88,56.5,13.5,134100,0,0,0,0,3.8,0,1548,884,1432,51.1,6.7,42000,44918,4364,827,19,2933
32,3,4301,"Census Tract 43.01, Clark County, Nevada",1400000US32003004301,1551,511,3.04,59.9,2.3,-666666666,2.3,0,0,0,4.7,0,511,463,144,17.3,4.9,22604,29873,1551,892,57.5,970
32,3,4302,"Census Tract 43.02, Clark County, Nevada",1400000US32003004302,3825,1005,3.31,55.4,4.9,-888888888,1.8,0,0,0,6.1,7,1005,862,529,25.9,1.4,22644,25079,3330,1534,46.1,2496
32,3,4401,"Census Tract 44.01, Clark County, Nevada",1400000US32003004401,2644,723,3.66,77.3,8.3,62600,0.8,3.1,0,0,4.6,5.1,723,527,262,18.9,4.3,27301,35806,2633,1104,41.9,1560
32,3,4402,"Census Tract 44.02, Clark County, Nevada",1400000US32003004402,3900,927,4.19,89,9.1,78800,1.3,3.2,0,0,9,2.4,927,678,308,17.7,2,26361,31634,3880,1908,49.2,2221
32,3,4601,"Census Tract 46.01, Clark County, Nevada",1400000US32003004601,4814,1126,4.02,79.4,11,-888888888,0,0,0.3,1.3,5.3,3.3,1126,886,656,25.6,4.5,25585,32878,4523,1884,41.7,2845
32,3,4602,"Census Tract 46.02, Clark County, Nevada",1400000US32003004602,2814,756,3.45,96.6,23.3,72500,0,0,0,0,12.2,2.8,756,580,517,35.7,5.5,29415,35653,2605,898,34.5,1616
32,3,4925,"Census Tract 49.25, Clark County, Nevada",1400000US32003004925,6201,1842,3.37,54.1,8.2,134600,0,0,0,0,0.8,0.8,1842,882,1352,37.4,15,48268,58402,6143,1074,17.5,4284
32,3,4926,"Census Tract 49.26, Clark County, Nevada",1400000US32003004926,3544,1053,3.37,50.3,12.3,97700,0,0,0,0,1,1.6,1053,372,1028,42.6,7.5,60883,66703,3544,272,7.7,2519
32,3,5013,"Census Tract 50.13, Clark County, Nevada",1400000US32003005013,4048,1177,3.44,48.9,6.8,115300,0,0,0,0,0.5,0,1177,483,532,22.2,21.2,47523,57505,4048,593,14.6,2918
32,3,5014,"Census Tract 50.14, Clark County, Nevada",1400000US32003005014,5735,2041,2.81,51.3,14,-888888888,0,0,0,0,1.3,3,2041,1188,1199,33.3,17,40732,45671,5735,1013,17.7,3818
32,3,5015,"Census Tract 50.15, Clark County, Nevada",1400000US32003005015,4299,1515,2.84,59.9,30.3,161900,0,0,0,0,1.2,0,1515,277,608,19.3,28.2,64522,78895,4299,256,6,2807
32,3,5343,"Census Tract 53.43, Clark County, Nevada",1400000US32003005343,4527,1498,3.02,68.4,23.8,160700,0,0,0,0,0,0,1498,533,1079,35.7,20.4,60798,76806,4515,437,9.7,2893
32,3,3006,"Census Tract 30.06, Clark County, Nevada",1400000US32003003006,3867,1139,3.4,75.1,25.8,110300,0,0,0,0,0,0,1139,359,600,24.3,16.2,42478,56172,3867,1070,27.7,2298
32,3,2915,"Census Tract 29.15, Clark County, Nevada",1400000US32003002915,4795,2216,2.16,55.7,32.4,258600,0,0,0,0,0,0,2216,1130,1269,33,21.7,53500,75132,4746,314,6.6,3177
32,3,2954,"Census Tract 29.54, Clark County, Nevada",1400000US32003002954,3713,1758,2.11,50.4,25.2,71000,0,0,0,0,0.6,0,1758,1196,1105,39.3,13.4,30610,38781,3713,807,21.7,2550
32,3,3215,"Census Tract 32.15, Clark County, Nevada",1400000US32003003215,4442,1629,2.73,60.7,27.9,228200,1,0,0,0,0,0,1629,615,698,21.7,28.5,65327,75666,4442,898,20.2,2899
32,3,3615,"Census Tract 36.15, Clark County, Nevada",1400000US32003003615,2847,982,2.89,61.3,15.2,124100,0,0,0,0,4.9,0,982,562,605,34,12.9,44318,55874,2820,451,16,1920
32,3,3800,"Census Tract 38, Clark County, Nevada",1400000US32003003800,3909,1333,2.87,64.6,18.8,64600,6.4,16.7,0,0,0.7,3.9,1333,1100,591,24,2.8,20205,26740,3865,1699,44,2525
32,3,4200,"Census Tract 42, Clark County, Nevada",1400000US32003004200,4643,1331,3.49,67.8,11.5,73300,1.7,0,0,0,2,0,1331,855,671,26.6,1.4,34013,35464,4643,1564,33.7,2944
32,3,4713,"Census Tract 47.13, Clark County, Nevada",1400000US32003004713,4090,1309,3.12,70.2,6.1,60500,0,0,0,0,8.4,5.1,1309,1072,647,33.2,1.3,24577,34859,4038,1765,43.7,2575
32,3,4916,"Census Tract 49.16, Clark County, Nevada",1400000US32003004916,2701,697,3.88,55.7,13.2,124800,0,0,0,0,1.3,0,697,249,515,31.3,9.3,50848,60802,2701,590,21.8,1808
32,3,4920,"Census Tract 49.20, Clark County, Nevada",1400000US32003004920,5611,1594,3.51,72.8,11.6,108200,0,0,0,0,2,1.4,1594,898,723,25.6,8.2,41049,46236,5582,1444,25.9,3492
32,3,5010,"Census Tract 50.10, Clark County, Nevada",1400000US32003005010,5049,2009,2.51,46.4,13.9,64200,0,0,0,0,5.2,4.6,2009,1201,1206,35.6,8.8,41383,45661,5049,1120,22.2,3545
32,3,5011,"Census Tract 50.11, Clark County, Nevada",1400000US32003005011,3176,1134,2.8,56.9,18.2,101800,0,0,0,0,0,0,1134,459,730,34.4,13.1,36300,48689,3143,835,26.6,2150
32,3,5313,"Census Tract 53.13, Clark County, Nevada",1400000US32003005313,5987,2258,2.65,53.3,22.2,224700,0,0,0,0,0,0,2258,909,1082,25.6,33,75510,102737,5987,209,3.5,4080
32,3,5316,"Census Tract 53.16, Clark County, Nevada",1400000US32003005316,5043,1668,3.02,50,20,193900,0,0,0,0,0.8,0,1668,904,1141,31.9,20.2,74853,79654,5032,533,10.6,3494
32,3,5320,"Census Tract 53.20, Clark County, Nevada",1400000US32003005320,2667,1073,2.49,43.8,15.5,172100,0,0,0,0,0,0,1073,338,471,26,29.5,64115,82577,2667,196,7.3,1971
32,3,5501,"Census Tract 55.01, Clark County, Nevada",1400000US32003005501,4228,1957,2.05,101.5,86.1,168400,0,0,0,0,0,0,1957,374,1070,28.5,21.6,41424,65685,4020,477,11.9,2168
32,3,5703,"Census Tract 57.03, Clark County, Nevada",1400000US32003005703,937,520,1.78,86.7,67.9,-888888888,0,0,0,0,2.3,0,520,317,292,39,12.4,27976,38473,931,244,26.2,502
32,3,6103,"Census Tract 61.03, Clark County, Nevada",1400000US32003006103,3109,1223,2.53,83.6,32.1,131300,0,0,0,0,0.8,0,1223,790,709,35.6,13.3,39504,53587,3109,799,25.7,1840
32,3,6201,"Census Tract 62.01, Clark County, Nevada",1400000US32003006201,3588,1126,3.18,65,9,74100,0,0,0,0,1.7,1.5,1126,721,824,42.4,4.8,32663,34393,3578,1299,36.3,2296
32,3,2504,"Census Tract 25.04, Clark County, Nevada",1400000US32003002504,3842,1799,2.11,33,18.1,83800,0,0,0,0,0,0,1799,1365,723,25.6,21.7,35888,45531,3763,775,20.6,2950
32,3,1901,"Census Tract 19.01, Clark County, Nevada",1400000US32003001901,5922,1776,3.31,60.7,13,-888888888,3.1,15,0,0,4.4,0,1776,1516,1167,34.8,13.4,27139,37726,5819,1556,26.7,3853
32,3,2403,"Census Tract 24.03, Clark County, Nevada",1400000US32003002403,3701,2135,1.73,41.5,22.2,-888888888,0,0,0,0,2.9,0,2135,1921,849,28.5,12,24651,32893,3701,1127,30.5,2632
32,3,2405,"Census Tract 24.05, Clark County, Nevada",1400000US32003002405,4669,1873,2.49,59.7,11.8,-888888888,0,0,0,0,5.2,17.4,1873,1752,866,29.9,10.5,28558,34659,4648,1775,38.2,3009
32,3,5702,"Census Tract 57.02, Clark County, Nevada",1400000US32003005702,3259,1455,2.24,105,68.2,108500,0,0,0,0,0,0,1455,948,868,34.6,14.7,26834,35793,3259,965,29.6,1652
32,3,5341,"Census Tract 53.41, Clark County, Nevada",1400000US32003005341,2366,834,2.84,52.4,22.4,145800,0.5,0.6,0,0,1.2,1.4,834,116,652,37.2,16,60294,74138,2341,307,13.1,1620
32,3,5612,"Census Tract 56.12, Clark County, Nevada",1400000US32003005612,1381,591,2.34,123.1,56.5,131000,6.3,7.8,0,0,0,0,591,119,276,30.6,13.2,32321,43609,1381,172,12.5,653
32,3,5809,"Census Tract 58.09, Clark County, Nevada",1400000US32003005809,3914,1639,2.39,66.1,38.8,166100,0,0,1,2.6,2.3,0,1639,1026,718,24.8,25.1,46661,60927,3902,513,13.1,2407
32,3,5811,"Census Tract 58.11, Clark County, Nevada",1400000US32003005811,8734,2936,2.97,50.9,20.6,234900,0,0,0.5,0,1.6,0,2936,1464,1807,29.3,26.9,54519,72585,8694,627,7.2,5951
32,3,5336,"Census Tract 53.36, Clark County, Nevada",1400000US32003005336,3882,1508,2.57,79.2,25.3,88800,0.5,1.2,0,0,0,0,1508,814,878,36.8,15.2,39551,47626,3882,571,14.7,2361
32,3,5312,"Census Tract 53.12, Clark County, Nevada",1400000US32003005312,2572,991,2.53,60.6,27,204000,0,0,0,0,0,0,991,316,360,18.9,34.5,69811,79008,2540,383,15.1,1676
32,3,5335,"Census Tract 53.35, Clark County, Nevada",1400000US32003005335,4584,1738,2.63,62.1,32.2,189100,0.5,0.6,0,0,0,0,1738,325,1185,35.2,21.6,76838,95423,4584,224,4.9,2933
32,3,5337,"Census Tract 53.37, Clark County, Nevada",1400000US32003005337,3173,1188,2.67,70,25.8,248900,0,0,0,0,0,0,1188,389,453,20.9,48.6,88833,100380,3173,215,6.8,1989
32,3,5342,"Census Tract 53.42, Clark County, Nevada",1400000US32003005342,3437,1089,3.16,69.7,23.7,146900,0,0,0,0,0.7,0,1089,287,849,37.3,13.7,69125,72451,3437,138,4,2255
32,3,5432,"Census Tract 54.32, Clark County, Nevada",1400000US32003005432,5861,2169,2.7,53.7,30.3,167000,0,0,0,0,0,0,2169,337,1450,31.4,23.2,65868,76108,5846,96,1.6,3930
32,3,5502,"Census Tract 55.02, Clark County, Nevada",1400000US32003005502,4425,1640,2.7,74.3,41,278200,12.7,9.9,0,0,0,0,1640,335,773,23.4,28.5,79444,95071,4416,372,8.4,2651
32,3,5803,"Census Tract 58.03, Clark County, Nevada",1400000US32003005803,4272,1803,2.37,50.8,19.5,178900,0.3,0,0,0,0,0,1803,852,715,22.3,36.6,63852,75222,4272,771,18,2936
32,3,5804,"Census Tract 58.04, Clark County, Nevada",1400000US32003005804,3809,1898,2.01,43.8,25.1,267600,0,0,0,0,0,0,1898,1077,475,15.3,48.5,65844,77282,3809,191,5,2679
32,3,5806,"Census Tract 58.06, Clark County, Nevada",1400000US32003005806,3657,1710,2.14,54.1,24.8,221600,0,0,0,0,2,0,1710,1044,744,26.8,35.4,51744,82934,3657,558,15.3,2483
32,3,203,"Census Tract 2.03, Clark County, Nevada",1400000US32003000203,4246,1517,2.68,58.8,17.3,137500,0.6,0,0,0,7.3,1.3,1517,1124,974,34.4,16.9,32139,45723,4087,1417,34.7,2776
32,3,1607,"Census Tract 16.07, Clark County, Nevada",1400000US32003001607,4899,1745,2.81,57.7,16.2,-888888888,0,0,0,0,10.9,1.4,1745,1165,1273,39.4,7.5,28137,33963,4735,1457,30.8,3170
32,3,1708,"Census Tract 17.08, Clark County, Nevada",1400000US32003001708,2952,1141,2.57,53.6,32.3,109500,0,0,0,0,0,0,1141,347,755,32.6,19.5,50485,58116,2952,347,11.8,2009
32,3,1712,"Census Tract 17.12, Clark County, Nevada",1400000US32003001712,3996,1544,2.58,59.2,31.6,133100,0.5,0.9,0,0,2.8,1,1544,628,779,25.4,25.6,47813,62982,3996,947,23.7,2609
32,3,1803,"Census Tract 18.03, Clark County, Nevada",1400000US32003001803,2632,990,2.66,53.5,24,126900,0,0,0,0,1.4,0,990,532,834,44.6,8.5,40153,60727,2625,289,11,1764
32,3,1804,"Census Tract 18.04, Clark County, Nevada",1400000US32003001804,3723,1313,2.83,61.7,15.9,105400,0,0,0,0,0.6,0,1313,947,875,35.9,7.7,31169,39883,3715,1337,36,2443
32,3,5503,"Census Tract 55.03, Clark County, Nevada",1400000US32003005503,3157,1435,2.2,63.1,32.9,136900,17.4,17,0,0,0.5,0.9,1435,646,611,26.5,21.2,47606,54919,3123,329,10.5,2038
32,3,5421,"Census Tract 54.21, Clark County, Nevada",1400000US32003005421,3748,1250,2.73,69,30.1,93600,0,0,0,0,0,0,1250,678,971,38.7,9.8,23725,36625,3470,1507,43.4,2254
32,3,5423,"Census Tract 54.23, Clark County, Nevada",1400000US32003005423,4534,1705,2.66,60.2,24.4,132600,0,0,1.5,0,0,0,1705,946,1307,42.7,8.5,36150,48000,4534,1210,26.7,2974
32,3,5433,"Census Tract 54.33, Clark County, Nevada",1400000US32003005433,4659,1580,2.95,67.2,26.5,192000,0,0,0,0,0,0,1580,221,1168,36.5,21,69038,77219,4659,312,6.7,2897
32,3,5805,"Census Tract 58.05, Clark County, Nevada",1400000US32003005805,2971,1270,2.34,55.7,35.8,272100,0,0,0,0,0,0,1270,325,487,20.9,40.6,76731,109939,2936,220,7.5,1939
32,3,5808,"Census Tract 58.08, Clark County, Nevada",1400000US32003005808,3164,1316,2.4,64.8,31,201800,0,0,0,0,2.1,0,1316,653,494,21.9,32.7,56176,70810,3115,246,7.9,1985
32,3,5353,"Census Tract 53.53, Clark County, Nevada",1400000US32003005353,3914,1432,2.73,66.7,19,238900,0,0,0,0,0.4,1,1432,837,494,18.5,37.1,70485,77274,3860,149,3.9,2435
32,3,5354,"Census Tract 53.54, Clark County, Nevada",1400000US32003005354,5604,2002,2.8,55.8,12.7,255000,0,0,0,0,0,0,2002,1088,1078,29.5,17.9,63472,70263,5592,590,10.6,3705
32,3,5355,"Census Tract 53.55, Clark County, Nevada",1400000US32003005355,5263,2248,2.34,110.2,69.2,260900,0,0,0,0,0,0,2248,660,883,22.3,44,69452,106756,5117,696,13.6,2581
32,3,5356,"Census Tract 53.56, Clark County, Nevada",1400000US32003005356,2593,1004,2.58,50.4,21.3,-888888888,0,0,0.9,1.4,0.4,0,1004,343,412,21.6,44.3,91700,166625,2593,109,4.2,1785
32,3,5358,"Census Tract 53.58, Clark County, Nevada",1400000US32003005358,2953,782,3.78,81.4,10.2,246400,0,0,0,0,0,0,782,109,301,18,34.2,89628,98692,2953,72,2.4,1699
32,3,5504,"Census Tract 55.04, Clark County, Nevada",1400000US32003005504,3451,1334,2.49,80,36.1,261900,0,0,0,0,0,0,1334,619,739,31.2,31.4,59703,70264,3319,352,10.6,1952
32,3,514,"Census Tract 5.14, Clark County, Nevada",1400000US32003000514,6663,1937,3.3,72.8,12.3,64300,0,0,0,0,2.7,2.7,1937,1377,1225,36.2,5,29516,36040,6335,1974,31.2,4187
32,3,510,"Census Tract 5.10, Clark County, Nevada",1400000US32003000510,4473,1224,3.64,52,7.4,73200,0,0,0,0,2.5,4.7,1224,581,1138,43.3,1.9,40843,42561,4473,889,19.9,3142
32,3,5357,"Census Tract 53.57, Clark County, Nevada",1400000US32003005357,6504,2487,2.62,55.9,14,213000,0,0,0,0,0,0,2487,1240,1308,29.8,25.9,61334,89346,6504,497,7.6,4331
32,3,5359,"Census Tract 53.59, Clark County, Nevada",1400000US32003005359,8199,2290,3.58,72.5,18.1,226400,0,0,0,0,0,0,2290,437,1373,27.2,26.5,93808,110561,7989,469,5.9,5004
32,3,5360,"Census Tract 53.60, Clark County, Nevada",1400000US32003005360,4739,1850,2.56,46.6,14.9,208100,0,0,0.7,0,0,0,1850,974,969,28.7,29.4,56563,69089,4739,567,12,3297
32,3,5434,"Census Tract 54.34, Clark County, Nevada",1400000US32003005434,4923,1597,3.08,56.7,20.3,161100,0,0,0,0,0,0,1597,334,1147,34.9,17,72725,84970,4909,303,6.2,3246
32,3,5435,"Census Tract 54.35, Clark County, Nevada",1400000US32003005435,3402,1290,2.63,60,27.4,287900,0.2,0,0,0,1,0,1290,356,805,32.8,25.9,67273,78046,3390,387,11.4,2230
32,3,5436,"Census Tract 54.36, Clark County, Nevada",1400000US32003005436,8307,3381,2.46,51.8,15.2,191700,0,0,0.3,0.5,0.4,0.7,3381,1213,1302,22.1,32.6,55232,76105,8086,440,5.4,5621
32,3,5437,"Census Tract 54.37, Clark County, Nevada",1400000US32003005437,2610,1172,2.23,72.6,48,381800,0,0,0,0,0.6,0.8,1172,265,440,20.5,42.9,80357,136128,2610,220,8.4,1554
32,3,5438,"Census Tract 54.38, Clark County, Nevada",1400000US32003005438,2155,988,2.18,44.7,20.6,117700,0,0,0,0,0,0,988,650,543,34.2,7.8,36025,37933,2155,293,13.6,1571
32,3,5439,"Census Tract 54.39, Clark County, Nevada",1400000US32003005439,3604,1233,2.92,52.3,11.9,84200,0,0,0,0,2.3,0,1233,593,1004,41.1,12.6,38373,62692,3604,747,20.7,2458
32,3,5614,"Census Tract 56.14, Clark County, Nevada",1400000US32003005614,2428,785,3.09,89.2,22.9,170300,0,0,0,0,5.4,0.6,785,450,491,36.3,9,37688,43017,2388,846,35.4,1324
32,3,5615,"Census Tract 56.15, Clark County, Nevada",1400000US32003005615,1806,813,2.22,155.1,104.9,164900,0,0,0,0,0.9,1.1,813,163,490,34.4,14.7,47950,54151,1806,223,12.3,723
32,3,2847,"Census Tract 28.47, Clark County, Nevada",1400000US32003002847,3726,1409,2.64,48.9,10.6,175700,0,0,0,0,3.5,0,1409,1055,838,36.2,21.2,37146,49897,3726,668,17.9,2573
32,3,2848,"Census Tract 28.48, Clark County, Nevada",1400000US32003002848,3411,1577,2.16,34.6,12.6,163700,0.4,0.6,0,0,0,0,1577,610,710,28.3,19.9,52268,62186,3411,280,8.2,2698
32,3,2964,"Census Tract 29.64, Clark County, Nevada",1400000US32003002964,4729,2032,2.33,47.6,14.7,-888888888,0,0,0,0,2.2,7.7,2032,1850,1128,35.9,15.1,27642,36491,4729,1050,22.2,3363
32,3,2965,"Census Tract 29.65, Clark County, Nevada",1400000US32003002965,4191,1829,2.29,68.5,47,61000,0.6,0,0,0,1.1,0,1829,595,1234,38.2,11.5,28135,35741,4191,857,20.4,2565
32,3,2966,"Census Tract 29.66, Clark County, Nevada",1400000US32003002966,4712,2507,1.88,40.3,13.1,72000,0,0,0,0,0,0,2507,2153,1170,34.9,23,30135,33577,4678,1406,30.1,3358
32,3,2970,"Census Tract 29.70, Clark County, Nevada",1400000US32003002970,3847,1733,2.22,37.6,9.9,82900,3.1,0,0,0,2.1,0,1733,1438,664,25.5,31.4,44049,49358,3847,625,16.2,2801
32,3,2967,"Census Tract 29.67, Clark County, Nevada",1400000US32003002967,3569,1599,2.23,37.1,15.3,89400,0,0,0,0,1.5,0,1599,1184,820,31.7,14.9,38293,43276,3512,580,16.5,2675
32,3,2968,"Census Tract 29.68, Clark County, Nevada",1400000US32003002968,2808,835,3.36,36.6,10.9,136400,0,0,0,0,4.4,6.3,835,296,638,30.7,14.5,64803,82630,2808,308,11,2141
32,3,2969,"Census Tract 29.69, Clark County, Nevada",1400000US32003002969,1466,729,2.01,48.2,22.5,-888888888,0,0,0,0,0,0,729,619,328,29.3,19.4,45199,58171,1466,128,8.7,989
32,3,2974,"Census Tract 29.74, Clark County, Nevada",1400000US32003002974,5404,2074,2.61,30.7,7.6,160600,0,0,0,0,0,0,2074,1186,953,25.7,23.5,50323,57969,5404,1013,18.7,4152
32,3,2975,"Census Tract 29.75, Clark County, Nevada",1400000US32003002975,6119,1811,3.38,47,16.4,190000,0,0,0,0,0.3,0,1811,814,1390,35.1,13.2,61250,75185,6119,956,15.6,4308
32,3,2976,"Census Tract 29.76, Clark County, Nevada",1400000US32003002976,4429,1756,2.52,41.4,6.7,180700,0,0,0,0,0,0,1756,961,661,22.5,30.3,59916,79170,4397,492,11.2,3315
32,3,2977,"Census Tract 29.77, Clark County, Nevada",1400000US32003002977,3169,1049,3,64.5,22.4,265300,0,0,0,0,0,0,1049,237,482,21.6,39.5,78292,105022,3169,182,5.7,1999
32,3,2978,"Census Tract 29.78, Clark County, Nevada",1400000US32003002978,3380,1321,2.55,39.5,11.1,211800,2.7,4.1,0,0,0,0,1321,434,554,22.4,23.4,64635,90489,3362,330,9.8,2488
32,3,2979,"Census Tract 29.79, Clark County, Nevada",1400000US32003002979,2355,993,2.36,41.4,17.9,263100,0,0,0,0,0.6,0,993,384,575,33,27.4,70133,74816,2327,373,16,1750
32,3,2983,"Census Tract 29.83, Clark County, Nevada",1400000US32003002983,3080,900,3.42,61.3,16.9,175000,0.7,0,0,0,0,0,900,470,463,23.6,29.5,63902,72015,3074,292,9.5,2048
32,3,2985,"Census Tract 29.85, Clark County, Nevada",1400000US32003002985,4485,1464,3.06,51.1,14.6,194200,0,0,0,0,0,0,1464,535,847,27.5,19.7,57908,71391,4472,288,6.4,3086
32,3,2995,"Census Tract 29.95, Clark County, Nevada",1400000US32003002995,2683,1147,2.34,41.1,11.2,-888888888,0,0,0,0,3.7,15.9,1147,1084,619,34.8,4.3,32445,38203,2671,703,26.3,1986
32,3,2980,"Census Tract 29.80, Clark County, Nevada",1400000US32003002980,6791,2049,3.31,49,8.8,166700,0,0,0,0,0,0,2049,702,1400,30.9,23.8,63556,80293,6776,445,6.6,4673
32,3,2981,"Census Tract 29.81, Clark County, Nevada",1400000US32003002981,4850,1576,3.08,45.3,7.6,151500,0,0,0,0,0,0,1576,931,580,18.5,28.7,67692,72063,4850,427,8.8,3486
32,3,2982,"Census Tract 29.82, Clark County, Nevada",1400000US32003002982,7064,2215,3.19,42,9.3,197200,0,0,0,0,0,0,2215,1141,955,19.7,28.6,77978,85659,7050,488,6.9,5104
32,3,302,"Census Tract 3.02, Clark County, Nevada",1400000US32003000302,4820,1533,3.14,70.4,14.6,106700,0,0,0,0,0.5,0,1533,1078,1003,37.6,5.2,19705,29839,4820,2655,55.1,2949
32,3,513,"Census Tract 5.13, Clark County, Nevada",1400000US32003000513,4024,1142,3.52,82.7,21.3,102400,0.7,0,0,0,2.5,1,1142,455,478,21.4,5.5,33810,40405,4024,1827,45.4,2376
32,3,700,"Census Tract 7, Clark County, Nevada",1400000US32003000700,4330,821,1.48,8.7,5.7,-666666666,6.1,44.7,0,0,3.2,0,821,774,1071,32.1,8.3,16165,32727,1271,419,33,4005
32,3,1100,"Census Tract 11, Clark County, Nevada",1400000US32003001100,2217,1274,1.74,45.5,15.5,262500,2.4,0,0,0,2.9,8.3,1274,1166,259,15.5,17.4,20633,32927,2217,979,44.2,1562
32,3,1608,"Census Tract 16.08, Clark County, Nevada",1400000US32003001608,1619,612,2.63,69,38,85000,3.1,0,0,0,2.5,4.6,612,288,457,40.8,4.7,31622,40715,1619,326,20.1,987
32,3,5106,"Census Tract 51.06, Clark County, Nevada",1400000US32003005106,3202,1202,2.66,49.5,14.3,210000,0.7,0,0,0,0,0,1202,613,713,34.8,23,45882,70647,3202,142,4.4,2272
32,3,4918,"Census Tract 49.18, Clark County, Nevada",1400000US32003004918,4122,1207,3.4,60.6,21.3,169400,0,0,0,0,0,0,1207,211,692,26.2,19,61115,74126,4106,395,9.6,2745
32,3,4923,"Census Tract 49.23, Clark County, Nevada",1400000US32003004923,4153,1245,3.33,53.5,11,157300,0,0,0,0,0,0,1245,600,504,19.9,19.7,51813,62717,4143,503,12.1,2876
32,3,5108,"Census Tract 51.08, Clark County, Nevada",1400000US32003005108,3865,1601,2.41,51.7,21.8,159300,0,0,0.7,1.6,0,0,1601,858,787,29.4,23.7,46351,59646,3853,361,9.4,2634
32,3,5109,"Census Tract 51.09, Clark County, Nevada",1400000US32003005109,7198,2712,2.65,42.9,16.2,208400,0.2,0,0,0,0.1,0.1,2712,1304,1742,33.6,24.4,56436,71833,7198,736,10.2,5203
32,3,5319,"Census Tract 53.19, Clark County, Nevada",1400000US32003005319,2629,1007,2.59,51.4,19.2,189000,0,0,0,0,0,0,1007,241,692,36.6,22.8,72610,79168,2624,304,11.6,1811
32,3,5613,"Census Tract 56.13, Clark County, Nevada",1400000US32003005613,4814,1343,3.58,90.6,20.4,204100,3.6,2.9,0,0,0.5,0.7,1343,287,803,27.6,18.2,74883,79907,4789,232,4.8,2887
32,3,5705,"Census Tract 57.05, Clark County, Nevada",1400000US32003005705,2619,1449,1.81,121.8,107.6,151600,0,0,1.2,2,0,0,1449,610,808,34.4,22.2,37487,57432,2619,345,13.2,1213
32,3,5902,"Census Tract 59.02, Clark County, Nevada",1400000US32003005902,1576,402,3.92,59,11.3,153200,0,0,0,0,2,0,402,103,325,33.8,13.3,69706,78314,1576,195,12.4,1053
32,3,6203,"Census Tract 62.03, Clark County, Nevada",1400000US32003006203,3132,884,3.54,62.8,12.3,101500,0,0,0,0,0.6,0.9,884,296,677,36.8,13.3,52250,59700,3073,741,24.1,2044
32,3,6204,"Census Tract 62.04, Clark County, Nevada",1400000US32003006204,4700,1345,3.49,52.2,9.1,-888888888,0,0,0,0,1.3,1.9,1345,452,944,35.6,9.7,56489,59818,4667,943,20.2,3314
32,3,5818,"Census Tract 58.18, Clark County, Nevada",1400000US32003005818,4517,419,2.51,9.7,2.9,104300,0,0,0,0,0,0,419,166,1447,41.2,4.4,49336,56104,1050,138,13.1,4148
32,3,4907,"Census Tract 49.07, Clark County, Nevada",1400000US32003004907,3592,1010,3.56,59.5,21.3,220800,0.6,0.7,0,0,1,1.2,1010,198,555,24.7,27.6,83864,112129,3592,266,7.4,2429
32,3,4911,"Census Tract 49.11, Clark County, Nevada",1400000US32003004911,3742,1400,2.67,47.9,10.2,96400,0,0,0,0,0,0,1400,734,664,30.4,8.8,37891,41102,3717,991,26.7,2565
32,3,1003,"Census Tract 10.03, Clark County, Nevada",1400000US32003001003,4083,1300,3.12,60.1,25.6,134000,5.1,3.4,0,0,1.9,1.1,1300,678,830,30.5,20.4,44255,56193,4069,708,17.4,2649
32,3,1613,"Census Tract 16.13, Clark County, Nevada",1400000US32003001613,3956,1254,3.15,50.1,12.1,104600,2.5,0,0,0,2,2,1254,704,992,38.1,11.9,41964,50800,3856,813,21.1,2786
32,3,1714,"Census Tract 17.14, Clark County, Nevada",1400000US32003001714,3317,1043,3.18,42,13.5,121500,0,0,0,0,0,0,1043,233,826,35,13.2,65163,64147,3287,333,10.1,2425
32,3,2000,"Census Tract 20, Clark County, Nevada",1400000US32003002000,4122,2155,1.91,32.1,18.4,172900,0,0,0,0,0,0,2155,1393,765,21.8,40.1,42083,93328,4093,993,24.3,3121
32,3,2505,"Census Tract 25.05, Clark County, Nevada",1400000US32003002505,1734,763,2.27,43.5,13.7,-888888888,0,0,0,0,2.4,0,763,645,354,29.6,24.7,29844,36497,1734,474,27.3,1272
32,3,2826,"Census Tract 28.26, Clark County, Nevada",1400000US32003002826,2970,1033,2.88,60.3,23.2,154600,0,0,0,0,0.6,0.7,1033,210,694,33.7,25.9,57991,67206,2960,252,8.5,1927
32,3,2936,"Census Tract 29.36, Clark County, Nevada",1400000US32003002936,3354,1326,2.52,54.3,28.3,146800,0,0,0,0,0.8,1.7,1326,666,645,26.6,19.5,41298,54916,3354,543,16.2,2287
32,3,2944,"Census Tract 29.44, Clark County, Nevada",1400000US32003002944,3648,1304,2.8,62.3,34.9,255400,0,0,3.4,4.8,0,0,1304,378,818,29.4,19,59559,69318,3648,497,13.6,2362
32,3,2956,"Census Tract 29.56, Clark County, Nevada",1400000US32003002956,2531,1483,1.71,28.5,14.1,437500,1,0,0,0,0,0,1483,1176,813,38.5,30.1,42750,70672,2531,223,8.8,1994
32,3,3001,"Census Tract 30.01, Clark County, Nevada",1400000US32003003001,3998,1228,3.26,62,21,126100,0,0,0,0,1.2,0,1228,359,956,36.9,14.2,55603,64286,3990,539,13.5,2614
32,3,3303,"Census Tract 33.03, Clark County, Nevada",1400000US32003003303,5438,1803,3.02,46.6,10.2,156300,0,0,3.9,6.7,0,0,1803,950,1239,35.8,18.9,60861,68885,5404,625,11.6,3863
32,3,3416,"Census Tract 34.16, Clark County, Nevada",1400000US32003003416,3227,962,3.1,60.9,32.5,156400,0,0,0,0,0.8,1.1,962,239,734,31.4,22.9,66563,72189,3007,247,8.2,2039
32,3,3418,"Census Tract 34.18, Clark County, Nevada",1400000US32003003418,4483,1612,2.78,62,7.1,122700,0,0,0,0,2.5,0,1612,1485,767,34.1,16.7,35302,45302,4454,1300,29.2,2871
32,3,3421,"Census Tract 34.21, Clark County, Nevada",1400000US32003003421,3335,1183,2.82,59.9,19.3,122400,0,0,0,0,0.7,0,1183,734,759,35.9,18.8,46747,69252,3335,830,24.9,2176
32,3,3423,"Census Tract 34.23, Clark County, Nevada",1400000US32003003423,6437,2061,3.12,50.7,14.4,100800,0,0,0,0,6.6,1.8,2061,1014,1130,27.2,13.6,36971,49477,6419,1397,21.8,4300
32,3,3609,"Census Tract 36.09, Clark County, Nevada",1400000US32003003609,4874,1795,2.71,53.8,19.6,136700,0,0,0,0,2.3,0,1795,631,1242,37.1,12.1,61387,71647,4842,490,10.1,3265
32,3,3610,"Census Tract 36.10, Clark County, Nevada",1400000US32003003610,5867,1772,3.31,62.1,16.4,131200,0,0,0,0,1.3,1.9,1772,553,1203,33.4,14.7,66932,72778,5842,424,7.3,3772
32,3,3612,"Census Tract 36.12, Clark County, Nevada",1400000US32003003612,7407,2642,2.8,60.4,24.1,144900,0,0,0.7,1,0.9,1.4,2642,916,1582,32.4,12.6,53866,60519,7407,411,5.5,4786
32,3,4707,"Census Tract 47.07, Clark County, Nevada",1400000US32003004707,2945,813,3.59,71.2,7.3,97100,0,0,0,0,3.1,0,813,543,387,25.7,5.4,30417,41190,2879,947,32.9,1808
32,3,4709,"Census Tract 47.09, Clark County, Nevada",1400000US32003004709,6324,1569,4.03,71.4,0.8,-888888888,0,0,0,0,5,0,1569,1192,601,21.6,3.6,35950,44341,6324,2338,37,3959
32,3,4914,"Census Tract 49.14, Clark County, Nevada",1400000US32003004914,2578,743,3.47,59.3,16.8,150600,0,0,0,0,1.3,1.7,743,162,519,31.8,12.1,48750,63766,2553,512,20.1,1682
32,3,4924,"Census Tract 49.24, Clark County, Nevada",1400000US32003004924,3910,1163,3.36,74.2,19.5,105000,0,0,0,0,1.3,0,1163,535,833,34.9,10.4,35194,44450,3833,1031,26.9,2434
32,3,5006,"Census Tract 50.06, Clark County, Nevada",1400000US32003005006,5165,1952,2.65,74.2,32.1,56700,0,0,0,0,0,0,1952,1176,1474,44.7,7.3,36557,40448,5127,859,16.8,3089
32,3,5104,"Census Tract 51.04, Clark County, Nevada",1400000US32003005104,3335,1376,2.42,49,23.1,154800,0,0,0,0,0.7,0,1376,710,565,24,32.9,54176,72330,3335,439,13.2,2296
32,3,5321,"Census Tract 53.21, Clark County, Nevada",1400000US32003005321,4125,1352,3.04,43.6,14.6,221600,0,0,0,0,0,0,1352,483,724,24.9,33.1,81513,107953,4125,409,9.9,3010
32,3,2984,"Census Tract 29.84, Clark County, Nevada",1400000US32003002984,5382,1747,3.08,41.1,10.1,200700,0,0,1,0,0,0,1747,763,690,18.2,36.6,79963,92448,5355,154,2.9,3919
32,3,2996,"Census Tract 29.96, Clark County, Nevada",1400000US32003002996,5086,2056,2.47,41.5,11.6,86900,0,0,0,0,1.6,0,2056,1759,1546,41.7,14.2,31701,42173,5086,990,19.5,3637
32,3,5607,"Census Tract 56.07, Clark County, Nevada",1400000US32003005607,3589,1349,2.66,87.8,44.9,120000,0,0,0,0,2,2.3,1349,482,693,29,10.2,38879,55741,3582,650,18.1,1999
32,3,5704,"Census Tract 57.04, Clark County, Nevada",1400000US32003005704,1977,906,2.18,74.3,39.6,89700,0,0,0,0,0,0,906,625,607,40.5,13.9,33929,42047,1927,461,23.9,1173
32,3,5807,"Census Tract 58.07, Clark County, Nevada",1400000US32003005807,4304,1527,2.82,59.2,25.5,223800,0,0,0,0,0.5,0.9,1527,591,726,23.7,32.8,67313,112963,4304,488,11.3,2829
32,3,5813,"Census Tract 58.13, Clark County, Nevada",1400000US32003005813,4436,1709,2.58,63.6,26.7,211400,0,0,0,0,0.6,2,1709,1151,702,23.4,24.9,44716,58984,4430,402,9.1,2737
32,3,6202,"Census Tract 62.02, Clark County, Nevada",1400000US32003006202,3897,1227,3.18,56.8,14.3,106700,0,0,0,0,2,0.2,1227,414,844,35.9,7.4,36901,48399,3897,1065,27.3,2609
32,3,204,"Census Tract 2.04, Clark County, Nevada",1400000US32003000204,1103,369,2.62,78.2,44.3,212500,0,0,0,0,0,0,369,51,166,20,34.4,62986,128978,976,162,16.6,632
32,3,515,"Census Tract 5.15, Clark County, Nevada",1400000US32003000515,4972,1390,3.58,70.1,16.7,88300,2.9,0,0,0,4.7,1.1,1390,725,957,32.2,4.6,35511,50414,4865,1353,27.8,3064
32,3,518,"Census Tract 5.18, Clark County, Nevada",1400000US32003000518,5553,1645,3.37,65.7,14.4,83800,0,0,0,0,4.1,1.2,1645,994,827,25.9,8.7,30536,44592,5526,1711,31,3478
32,3,1609,"Census Tract 16.09, Clark County, Nevada",1400000US32003001609,4817,1182,4.06,49.5,16,105800,0,0,0,0,0,0,1182,418,958,29.3,12.8,52581,56208,4768,1404,29.4,3393
32,3,900,"Census Tract 9, Clark County, Nevada",1400000US32003000900,1101,842,1.31,13.5,12.8,350000,0,0,0,0,6.3,5,842,742,206,19.6,37,35357,69649,1101,209,19,970
32,3,1612,"Census Tract 16.12, Clark County, Nevada",1400000US32003001612,6990,2880,2.43,59,22.3,-888888888,0.5,0,0,0,7.2,0,2880,1939,1530,33.2,9.5,29005,33231,6990,1878,26.9,4560
32,3,2941,"Census Tract 29.41, Clark County, Nevada",1400000US32003002941,4682,1614,2.9,48.8,16.6,103800,0,0,0,0,1,0,1614,737,1070,34.3,11.6,47578,51544,4682,923,19.7,3295
32,3,3214,"Census Tract 32.14, Clark County, Nevada",1400000US32003003214,1780,950,1.66,296.4,296.4,191600,0,0,0,0,0,0,950,147,527,29.7,32.9,43981,63157,1574,61,3.9,449
32,3,4910,"Census Tract 49.10, Clark County, Nevada",1400000US32003004910,3042,898,3.39,44.4,15.5,96700,0,0,0,0,0.8,0.8,898,267,707,34.6,12.8,44583,57411,3042,326,10.7,2171
32,3,5103,"Census Tract 51.03, Clark County, Nevada",1400000US32003005103,5166,2240,2.31,33.6,15.6,165100,0,0,0,0,0.2,0,2240,1482,824,23.3,26.7,49494,65361,5161,591,11.5,3883
32,3,1300,"Census Tract 13, Clark County, Nevada",1400000US32003001300,5346,1602,3.33,57.4,16.2,105900,5.6,3.4,0,0,0,0,1602,776,957,28.5,14.8,42778,64303,5346,1139,21.3,3516
32,3,2406,"Census Tract 24.06, Clark County, Nevada",1400000US32003002406,2995,1464,2.05,35.6,18.6,57000,0,0,0,0,4.1,0,1464,1288,505,25.8,20.7,27050,35393,2985,1030,34.5,2208
32,3,2827,"Census Tract 28.27, Clark County, Nevada",1400000US32003002827,2585,1137,2.26,33.7,17.4,-888888888,0,0,0,0,0,0,1137,559,740,37.4,18.7,49609,57013,2585,386,14.9,1974
32,3,2961,"Census Tract 29.61, Clark County, Nevada",1400000US32003002961,2190,805,2.7,58.9,32.8,296700,0,0,0,0,0.7,0,805,401,603,34.9,20,57733,80142,2190,287,13.1,1424
32,3,3220,"Census Tract 32.20, Clark County, Nevada",1400000US32003003220,6492,2549,2.55,41.8,12.3,130400,0,0,0,0,0.8,0,2549,1294,1585,36,26.8,41969,55756,6479,1221,18.8,4639
32,3,4703,"Census Tract 47.03, Clark County, Nevada",1400000US32003004703,5361,1566,3.42,56,10.4,79800,0,0,1,2.9,2.6,1,1566,1042,1177,35.8,6.8,41133,50656,5295,1422,26.9,3537
32,3,3408,"Census Tract 34.08, Clark County, Nevada",1400000US32003003408,4765,1733,2.75,50.4,15.3,212500,0,0,0,0,0.6,1,1733,640,704,23.5,24.6,63193,77649,4758,470,9.9,3355
32,3,5007,"Census Tract 50.07, Clark County, Nevada",1400000US32003005007,2624,1068,2.46,64.5,36.9,169500,0,0,0,0,0,0,1068,291,538,25.9,24.7,49737,62615,2624,206,7.9,1664
32,3,3211,"Census Tract 32.11, Clark County, Nevada",1400000US32003003211,3298,1931,1.71,306.7,305.9,191000,0,0,0,0,0,0,1931,416,859,26.1,28.1,43875,52206,3298,105,3.2,811
32,3,3419,"Census Tract 34.19, Clark County, Nevada",1400000US32003003419,7211,2320,3.11,65.9,10.4,82800,0,0,0,0,2.5,0,2320,1633,1768,40.2,7.1,34052,42689,6917,1664,24.1,4626
32,3,4917,"Census Tract 49.17, Clark County, Nevada",1400000US32003004917,3132,1008,3.11,67.6,20.8,123300,0,0,0,0,3,0.2,1008,184,763,38.3,9.7,50078,61767,3123,441,14.1,2033
32,3,5322,"Census Tract 53.22, Clark County, Nevada",1400000US32003005322,1365,457,2.97,64.1,26,290700,0,0,0,0,0,0,457,127,283,29.8,26.7,79826,99427,1365,101,7.4,849
32,3,600,"Census Tract 6, Clark County, Nevada",1400000US32003000600,2431,1136,2.12,41.8,15,82100,0.6,3.8,0,0,4.7,0,1136,953,746,40.5,3.9,19529,26654,2417,855,35.4,1773
32,3,1718,"Census Tract 17.18, Clark County, Nevada",1400000US32003001718,2494,796,3.13,46.4,9,86000,2.3,0,0,0,3.4,0,796,598,524,35.8,4.1,30804,38791,2466,718,29.1,1767
32,3,2603,"Census Tract 26.03, Clark County, Nevada",1400000US32003002603,3758,1704,1.63,23.1,14.4,-666666666,0.9,0,0,0,3.8,0,1704,1689,711,32.9,13.2,22713,32708,2784,812,29.2,3148
32,3,3005,"Census Tract 30.05, Clark County, Nevada",1400000US32003003005,3437,1167,2.95,53.2,24.4,124500,0,0,0,0,0.9,1.1,1167,182,910,37,15.5,60881,66512,3437,334,9.7,2338
32,3,3500,"Census Tract 35, Clark County, Nevada",1400000US32003003500,3050,938,3.24,73,18.3,72500,0,0,0,0,2.3,0,938,581,697,39.1,3.2,31678,33680,3022,1016,33.6,1835
32,3,4912,"Census Tract 49.12, Clark County, Nevada",1400000US32003004912,5628,1724,3.26,57.9,8.9,97600,0,0,0,0,3.3,2.6,1724,940,1046,32.6,12.4,41862,45909,5614,1473,26.2,3859
32,3,5317,"Census Tract 53.17, Clark County, Nevada",1400000US32003005317,5356,2466,2.07,59.6,36.9,217900,0,0,0,0,0,0,2466,1359,709,17.3,44.6,58973,83829,5126,281,5.5,3401
32,3,5338,"Census Tract 53.38, Clark County, Nevada",1400000US32003005338,1897,1125,1.69,350.6,350.6,186700,0,0,0,0,0,0,1125,157,515,27.3,30,45642,57007,1897,101,5.3,421
32,3,401,"Census Tract 4.01, Clark County, Nevada",1400000US32003000401,2029,588,1.94,29.3,14.3,117900,0.5,0,0,0,5.4,0,588,507,448,30.6,4.6,18318,28505,1998,1113,55.7,1580
32,3,106,"Census Tract 1.06, Clark County, Nevada",1400000US32003000106,4370,1975,2.21,71.1,43.4,111900,0,0,0,0,0,0,1975,1334,982,28.6,14.8,27956,33977,4370,1562,35.7,2608
32,3,107,"Census Tract 1.07, Clark County, Nevada",1400000US32003000107,3666,1385,2.64,66.3,31.1,87000,0,0,0,0,0,0,1385,912,788,30.9,9.9,41058,50092,3666,497,13.6,2311
32,3,109,"Census Tract 1.09, Clark County, Nevada",1400000US32003000109,3787,1143,3.31,53.3,19.6,90400,0,0,0,0,2.3,2.4,1143,438,668,27.7,12.1,46627,54024,3787,618,16.3,2638
32,3,108,"Census Tract 1.08, Clark County, Nevada",1400000US32003000108,3922,1115,3.52,57.6,13.9,69400,0,0,0,0,0.7,0,1115,567,783,32.2,3.8,39890,43816,3922,837,21.3,2599
32,3,402,"Census Tract 4.02, Clark County, Nevada",1400000US32003000402,3057,1033,2.81,53,7.9,96300,11.3,0,0,0,5,0,1033,979,380,20.1,5.9,20625,27200,2957,1407,47.6,2106
32,3,521,"Census Tract 5.21, Clark County, Nevada",1400000US32003000521,3463,1163,2.96,61.2,4.7,78500,0,0,0,0,8.8,14.9,1163,935,612,31.6,6.7,18530,25399,3463,1491,43.1,2229
32,3,403,"Census Tract 4.03, Clark County, Nevada",1400000US32003000403,2319,1078,2.15,49.1,25.8,54500,2.6,0,0,0,0,0,1078,955,760,42.2,5.7,20115,27032,2297,984,42.8,1618
32,3,520,"Census Tract 5.20, Clark County, Nevada",1400000US32003000520,2173,519,4.19,61.7,9.4,71900,0,0,0,0,9.1,5.5,519,319,278,24.6,3.4,32154,41927,2173,610,28.1,1417
32,3,522,"Census Tract 5.22, Clark County, Nevada",1400000US32003000522,2667,865,3.04,71.2,15,-888888888,1.2,0,0,0,4,0,865,796,444,29.2,1.7,21474,26595,2651,1235,46.6,1690
32,3,523,"Census Tract 5.23, Clark County, Nevada",1400000US32003000523,2295,911,2.52,76,9.5,-666666666,0,0,0,0,17.3,26.3,911,892,497,39.1,6.3,20491,23614,2284,1188,52,1422
32,3,524,"Census Tract 5.24, Clark County, Nevada",1400000US32003000524,1781,598,2.98,86.5,14.2,71400,2.3,10.2,0,0,9.9,0,598,461,282,29.2,2.8,20185,30258,1781,753,42.3,1019
32,3,525,"Census Tract 5.25, Clark County, Nevada",1400000US32003000525,2618,824,3.16,51.2,12.5,75400,1.8,0,0,0,2.3,4.7,824,529,617,37.7,2.1,26288,36454,2618,517,19.7,1827
32,3,527,"Census Tract 5.27, Clark County, Nevada",1400000US32003000527,3859,944,4.09,68.5,11.9,79700,0,0,0,0,4.6,0,944,434,640,28.1,5.2,41639,52654,3859,858,22.2,2429
32,3,526,"Census Tract 5.26, Clark County, Nevada",1400000US32003000526,3005,773,3.89,59.3,7.7,78800,0,0,0,0,2.7,2.6,773,465,568,32.7,3,40917,44825,3005,924,30.7,1991
32,3,528,"Census Tract 5.28, Clark County, Nevada",1400000US32003000528,2978,908,3.28,69.9,5.6,77400,0,0,0,0,1.7,1.5,908,705,511,33.7,2.8,30321,34889,2978,1048,35.2,1805
32,3,1401,"Census Tract 14.01, Clark County, Nevada",1400000US32003001401,2885,1069,2.69,71.8,25.4,110400,0,0,0,0,0.9,2.5,1069,676,429,23.1,8.7,23509,34568,2885,1186,41.1,1763
32,3,1502,"Census Tract 15.02, Clark County, Nevada",1400000US32003001502,3753,1690,2.22,64.9,47.2,57900,0,0,0,0,0,0,1690,807,1183,36.6,8.5,30170,36574,3753,811,21.6,2332
32,3,1200,"Census Tract 12, Clark County, Nevada",1400000US32003001200,3821,1440,2.64,64,24.4,114300,1,2.3,0,0,2.8,0,1440,828,817,30.4,13.2,36679,47205,3821,1071,28,2510
32,3,1706,"Census Tract 17.06, Clark County, Nevada",1400000US32003001706,2938,1338,2.2,67.7,47.4,126900,0,0,0,0,1.1,0,1338,603,877,36.6,24.4,45139,59870,2938,421,14.3,1841
32,3,1709,"Census Tract 17.09, Clark County, Nevada",1400000US32003001709,1542,517,2.92,80.6,40.7,136000,0,0,0,0,0,0,517,150,265,24.3,19,48646,59298,1542,325,21.1,876
32,3,1711,"Census Tract 17.11, Clark County, Nevada",1400000US32003001711,3700,1892,1.95,69.1,47.3,103600,1.8,0,0,0,1.3,0,1892,1555,916,31,24.8,33098,43109,3700,644,17.4,2208
32,3,2708,"Census Tract 27.08, Clark County, Nevada",1400000US32003002708,2639,1079,2.45,60.7,6,80200,0,0,0,0,0,0,1079,922,498,32.9,12,31270,32571,2639,927,35.1,1702
32,3,2821,"Census Tract 28.21, Clark County, Nevada",1400000US32003002821,4770,2183,2.19,27.3,10.6,292300,0,0,0,0,0.8,0,2183,1891,744,22.8,30.5,42742,54747,4736,996,21,3746
32,3,2829,"Census Tract 28.29, Clark County, Nevada",1400000US32003002829,4057,1367,2.97,49.3,18.5,173600,0,0,0,0,0,0,1367,300,1081,36.5,21.9,73927,88645,4057,149,3.7,2753
32,3,2919,"Census Tract 29.19, Clark County, Nevada",1400000US32003002919,3825,1446,2.64,56.1,26.6,142500,0,0,0.8,1.2,0,0,1446,476,947,33.2,23.2,46316,54246,3758,839,22.3,2541
32,3,2935,"Census Tract 29.35, Clark County, Nevada",1400000US32003002935,1540,534,2.87,76.2,44.4,166300,0.4,0.5,0,0,1.9,0,534,131,439,35.5,15.6,48500,62560,1540,134,8.7,890
32,3,2949,"Census Tract 29.49, Clark County, Nevada",1400000US32003002949,3268,1234,2.64,38.4,20.5,120100,0,0,0,0,0,0,1234,493,886,36.9,12,56750,63001,3268,381,11.7,2381
32,3,2950,"Census Tract 29.50, Clark County, Nevada",1400000US32003002950,4681,1688,2.77,42.8,13.4,142200,0,0,0.5,1.2,0.3,0,1688,958,1138,34.7,21,49405,56155,4681,579,12.4,3339
32,3,2953,"Census Tract 29.53, Clark County, Nevada",1400000US32003002953,4632,1495,3.08,49.9,20.2,147300,0,0,0,0,0,0,1495,365,824,26.6,19.4,61302,68907,4632,470,10.1,3194
32,3,3102,"Census Tract 31.02, Clark County, Nevada",1400000US32003003102,5470,1668,3.28,58,12.7,96400,0,0,0,0,1.1,0,1668,854,1395,43.5,12.1,43286,46697,5449,1716,31.5,3591
32,3,3213,"Census Tract 32.13, Clark County, Nevada",1400000US32003003213,2041,1194,1.71,410.3,410.3,229100,0,0,0,0,0,0,1194,239,540,26.5,32.7,50556,74209,2041,105,5.1,400
32,3,3607,"Census Tract 36.07, Clark County, Nevada",1400000US32003003607,7621,2351,3.24,57.5,12.5,137400,0,0,0.8,1.3,0.7,1.1,2351,832,1322,26.8,9.6,58618,68659,7569,626,8.3,5107
32,3,3227,"Census Tract 32.27, Clark County, Nevada",1400000US32003003227,3477,1506,2.17,51,26.4,268400,0,0,0,0,0,0,1506,804,382,13.7,44,77969,89479,3275,291,8.9,2449
32,3,3413,"Census Tract 34.13, Clark County, Nevada",1400000US32003003413,4981,1808,2.73,53.2,17.6,162100,0.7,0.9,0.4,0,0.4,0.9,1808,947,1108,34.9,13.7,39063,56949,4949,670,13.5,3434
32,3,4000,"Census Tract 40, Clark County, Nevada",1400000US32003004000,3447,841,4.1,67.6,12.3,86200,0,0,0,0,2.7,1.8,841,502,518,26.3,3.7,35285,49309,3399,1159,34.1,2258
32,3,4717,"Census Tract 47.17, Clark County, Nevada",1400000US32003004717,3376,789,4.28,62.1,14.9,103700,0,0,0,0,2.7,1.1,789,322,771,37.7,2.4,45945,54485,3376,569,16.9,2193
32,3,5102,"Census Tract 51.02, Clark County, Nevada",1400000US32003005102,4868,1845,2.64,49.3,17.6,170800,0,0,0,0,0.5,0,1845,775,794,25,34,56074,87444,4868,642,13.2,3409
32,3,5314,"Census Tract 53.14, Clark County, Nevada",1400000US32003005314,2706,956,2.83,65.5,33.1,210300,0,0,0,0,0,0,956,198,372,18.8,33.6,92237,123188,2694,101,3.7,1694
32,3,5315,"Census Tract 53.15, Clark County, Nevada",1400000US32003005315,5022,2158,2.33,55,25.8,162200,0,0,0,0,1,1.7,2158,837,766,21.1,26.6,63103,71130,5022,263,5.2,3432
32,3,5318,"Census Tract 53.18, Clark County, Nevada",1400000US32003005318,3273,1240,2.64,72,30.4,351700,0,0,0,0,0,0,1240,418,476,22,47.2,72455,109871,3273,449,13.7,2009
32,3,5333,"Census Tract 53.33, Clark County, Nevada",1400000US32003005333,2468,886,2.79,57.4,23.2,229600,0,0,0,0,0,0,886,268,322,18.3,42.4,93482,104774,2468,207,8.4,1622
32,3,5422,"Census Tract 54.22, Clark County, Nevada",1400000US32003005422,4183,1387,3.02,56.8,16.6,96400,0,0,0,0,0,0,1387,616,1402,50.2,6.9,42431,49482,4183,902,21.6,2748
32,3,2938,"Census Tract 29.38, Clark County, Nevada",1400000US32003002938,1442,571,2.53,62.4,29.5,330400,1.2,0,0,0,0,0,571,250,284,25.8,34.5,44688,66783,1437,215,15,908
32,3,2940,"Census Tract 29.40, Clark County, Nevada",1400000US32003002940,3766,1249,3.02,39.5,14.6,193500,0,0,0,0,0.3,0.7,1249,658,1135,42.8,16,64528,69323,3766,376,10,2755
32,3,2952,"Census Tract 29.52, Clark County, Nevada",1400000US32003002952,2720,1107,2.45,68.1,38.9,172000,0.5,0,0,0,0,0,1107,447,706,35,20,47774,69619,2720,198,7.3,1683
32,3,519,"Census Tract 5.19, Clark County, Nevada",1400000US32003000519,4732,1293,3.65,60.6,10.8,85600,0.5,1,0,0,3.6,1.3,1293,698,545,20.2,4.2,34743,46587,4715,1497,31.7,3058
32,3,1004,"Census Tract 10.04, Clark County, Nevada",1400000US32003001004,7046,2867,2.45,69.2,36.6,155000,0,0,0,0,0.5,2.2,2867,2221,1535,29.6,15.9,32344,48632,6982,1274,18.2,4328
32,3,1005,"Census Tract 10.05, Clark County, Nevada",1400000US32003001005,1572,608,2.54,77.6,35.6,455400,1.6,1.9,0,0,0,0,608,70,182,16,53.7,100100,176594,1564,58,3.7,904
32,3,1707,"Census Tract 17.07, Clark County, Nevada",1400000US32003001707,1502,750,2,85.7,55.6,118900,0,0,0,0,0,0,750,318,290,23.7,28.3,38487,61373,1502,205,13.6,849
32,3,1710,"Census Tract 17.10, Clark County, Nevada",1400000US32003001710,3816,1425,2.67,45.6,20,105000,0,0,0,0,1.5,0,1425,922,1044,40.5,10.7,44122,52405,3757,571,15.2,2725
32,3,1713,"Census Tract 17.13, Clark County, Nevada",1400000US32003001713,3105,1019,3.03,61.7,28.4,120300,0,0,0,0,0,0,1019,289,852,39.4,14,56920,58922,3070,270,8.8,1955
32,3,1801,"Census Tract 18.01, Clark County, Nevada",1400000US32003001801,6640,2526,2.63,51.8,24.7,113300,0,0,0,0,4.9,2.6,2526,1280,1972,41.3,10.5,34050,47186,6605,1679,25.4,4472
32,3,2201,"Census Tract 22.01, Clark County, Nevada",1400000US32003002201,4205,1896,2.22,78,43.2,104000,0,0,0.5,0,3,0,1896,1499,1002,34.9,15.6,24859,38198,4205,1235,29.4,2404
32,3,2203,"Census Tract 22.03, Clark County, Nevada",1400000US32003002203,5319,1411,3.77,71.2,13.4,111500,1.1,0,0,0,1.1,0,1411,994,1029,34.2,12.4,35020,46562,5319,1437,27,3280
32,3,2404,"Census Tract 24.04, Clark County, Nevada",1400000US32003002404,4729,1856,2.55,65.4,7.4,-666666666,0.8,-666666666,0,-666666666,6.8,-666666666,1856,1856,945,35.9,6.4,21102,24878,4688,2501,53.3,2909
32,3,2706,"Census Tract 27.06, Clark County, Nevada",1400000US32003002706,3382,1738,1.95,46.7,21.6,94200,0,0,0,0,1.4,0,1738,1619,950,36.9,13.8,28164,47957,3382,864,25.5,2373
32,3,2707,"Census Tract 27.07, Clark County, Nevada",1400000US32003002707,3540,1217,2.9,53.8,19.6,150800,0,0,0,0,0,0,1217,558,719,29.2,15.1,44784,56318,3540,533,15.1,2390
32,3,2810,"Census Tract 28.10, Clark County, Nevada",1400000US32003002810,3480,1769,1.97,35,9.5,-666666666,0,0,0,0,1,0,1769,1639,419,17.4,28.9,35596,55859,3480,681,19.6,2692
32,3,2811,"Census Tract 28.11, Clark County, Nevada",1400000US32003002811,3953,1460,2.7,51.6,21,209600,0,0,0,0,0,0,1460,361,685,24.2,30,69643,80563,3953,221,5.6,2737
32,3,2828,"Census Tract 28.28, Clark County, Nevada",1400000US32003002828,3625,1447,2.49,51.9,23.3,248000,0,0,0,0,1.5,0,1447,712,930,36.1,22,50428,67038,3589,570,15.9,2472
32,3,2835,"Census Tract 28.35, Clark County, Nevada",1400000US32003002835,2628,1071,2.43,34.5,12.9,157000,0,0,0,0,1.9,3.2,1071,449,583,28.7,15.5,53875,63385,2628,301,11.5,2026
32,3,2939,"Census Tract 29.39, Clark County, Nevada",1400000US32003002939,1740,659,2.61,53.7,37.2,403300,0,0,2,2.2,0.9,1,659,70,292,21.2,38.2,108365,135132,1740,125,7.2,1225
32,3,3204,"Census Tract 32.04, Clark County, Nevada",1400000US32003003204,5623,2345,2.4,60.2,39.4,281100,0.7,0.8,0,0,0,0,2345,300,1218,26.6,33.3,78750,91336,5623,131,2.3,3556
32,3,3415,"Census Tract 34.15, Clark County, Nevada",1400000US32003003415,6853,2616,2.62,57.6,12.1,122600,0,0,0,0,0.7,0,2616,1735,1488,36.1,12.1,38182,43092,6768,2191,32.4,4544
32,3,2957,"Census Tract 29.57, Clark County, Nevada",1400000US32003002957,1902,847,2.25,99.4,76.9,388900,0,0,0,0,0,0,847,208,374,23.1,51.3,111557,182815,1902,11,0.6,954
32,3,3226,"Census Tract 32.26, Clark County, Nevada",1400000US32003003226,2474,1030,2.4,73.2,41.2,568300,0.5,0,0,0,1,1.3,1030,240,213,11,59.2,109537,217318,2474,124,5,1504
32,3,3412,"Census Tract 34.12, Clark County, Nevada",1400000US32003003412,4318,1717,2.51,54.8,24.1,124100,0,0,0,0,0.7,1.2,1717,745,999,33.3,14.6,50528,57466,4318,555,12.9,2947
32,3,105,"Census Tract 1.05, Clark County, Nevada",1400000US32003000105,4043,1127,3.59,55.7,15.6,83200,0,0,0,0,0,0,1127,370,666,27.8,10.4,48192,55835,4043,655,16.2,2709
32,3,201,"Census Tract 2.01, Clark County, Nevada",1400000US32003000201,4356,1487,2.93,69.2,26.9,88000,0.8,0,0,0,1.8,1.5,1487,869,1216,41.1,9.9,34127,51039,4343,1199,27.6,2684
32,3,3422,"Census Tract 34.22, Clark County, Nevada",1400000US32003003422,5142,1931,2.65,57,21.6,116000,0,0,0,0,3.4,0,1931,1310,1206,35.2,14.5,41503,48866,5126,1157,22.6,3448
32,3,4714,"Census Tract 47.14, Clark County, Nevada",1400000US32003004714,5437,1429,3.8,72.3,13.7,109100,1.4,2.2,0,0,4.5,1.2,1429,510,1134,37.8,4.1,42736,50304,5437,1427,26.2,3351
32,3,4921,"Census Tract 49.21, Clark County, Nevada",1400000US32003004921,5691,1947,2.92,46.9,15.1,83500,0.8,1.5,0,0,0.6,0.4,1947,903,1589,41.6,11.5,42309,63617,5691,1347,23.7,3983
32,3,5005,"Census Tract 50.05, Clark County, Nevada",1400000US32003005005,4035,1893,2.13,93.4,61.8,61100,2.7,0,0,0,2.1,1.2,1893,1026,1288,40.8,7.9,25027,37118,4035,1241,30.8,2224
32,3,5101,"Census Tract 51.01, Clark County, Nevada",1400000US32003005101,8041,3081,2.61,39.9,8.4,197900,0,0,1.6,5.9,0,0,3081,2251,1219,24.2,23.6,50435,57491,7998,631,7.9,6051
32,3,5105,"Census Tract 51.05, Clark County, Nevada",1400000US32003005105,8744,2930,2.93,51.8,12.4,128200,0,0,0,0,0.8,0,2930,1541,1662,29.1,23.6,60568,63241,8582,1493,17.4,5939
32,3,1610,"Census Tract 16.10, Clark County, Nevada",1400000US32003001610,3113,811,3.82,63.6,13.5,117600,0,0,0,0,4.8,0,811,228,490,26.3,10.2,53661,59433,3113,575,18.5,2027
32,3,1611,"Census Tract 16.11, Clark County, Nevada",1400000US32003001611,4331,1362,3.17,55.7,19.5,120800,0,0,0,0,3.1,2.5,1362,437,1016,36.4,9.1,45972,51446,4313,870,20.2,2853
32,3,1716,"Census Tract 17.16, Clark County, Nevada",1400000US32003001716,1764,485,3.64,58.8,17.1,122900,0,0,0,0,3.5,0,485,155,399,35.6,10.2,44509,53810,1764,335,19,1156
32,3,1902,"Census Tract 19.02, Clark County, Nevada",1400000US32003001902,3865,1253,3.07,51.9,23.4,108700,0,0,0,0,1,0,1253,675,889,33.9,11.1,43925,59980,3837,1053,27.4,2602
32,3,2204,"Census Tract 22.04, Clark County, Nevada",1400000US32003002204,4184,1239,3.38,74.3,7.8,69000,0,0,0,0,2.9,0,1239,1082,777,33.5,13.1,29901,32541,4184,1742,41.6,2466
32,3,2501,"Census Tract 25.01, Clark County, Nevada",1400000US32003002501,6747,2419,2.78,43.8,16.5,135600,0,0,0,0,4.5,0,2419,1685,1135,25.1,16.9,35302,46022,6747,1798,26.6,4917
32,3,2830,"Census Tract 28.30, Clark County, Nevada",1400000US32003002830,6164,2587,2.38,69.9,34.1,149200,0,0,0,0,0,0,2587,1394,1064,23.7,26.8,51333,59719,6164,551,8.9,3726
32,3,2836,"Census Tract 28.36, Clark County, Nevada",1400000US32003002836,3810,1333,2.86,47.5,12,148800,0,0,0,0,0,0,1333,721,748,29.9,19.5,62200,68357,3810,225,5.9,2731
32,3,2905,"Census Tract 29.05, Clark County, Nevada",1400000US32003002905,4853,1741,2.55,53.5,23.4,181300,0,0,0,0,2,0,1741,1159,1128,36.2,17.9,37877,49918,4487,1142,25.5,3299
32,3,2506,"Census Tract 25.06, Clark County, Nevada",1400000US32003002506,3706,1654,2.24,47.5,12.9,60300,2.4,0,0,0,3.3,0,1654,1542,793,30.8,20.7,28775,37413,3684,887,24.1,2563
32,3,2814,"Census Tract 28.14, Clark County, Nevada",1400000US32003002814,5110,1897,2.69,41.4,19.1,223700,0,0,0,0,0,0,1897,769,697,18.6,35.2,71976,96694,5079,490,9.6,3669
32,3,2831,"Census Tract 28.31, Clark County, Nevada",1400000US32003002831,3847,2014,1.91,31.2,11.4,153000,0,0,0,0,1.5,0,2014,1541,920,32,23.3,40761,48923,3847,659,17.1,3037
32,3,2832,"Census Tract 28.32, Clark County, Nevada",1400000US32003002832,5831,2614,2.23,41.5,16.7,152200,0,0,0,0,0.6,0,2614,1508,889,22.1,28.4,49748,56604,5831,731,12.5,4277
32,3,2834,"Census Tract 28.34, Clark County, Nevada",1400000US32003002834,6796,2373,2.86,49.5,9.6,176000,0,0,0,0,0.6,0,2373,1137,1015,23.1,30.1,62043,84520,6741,290,4.3,4806
32,3,2937,"Census Tract 29.37, Clark County, Nevada",1400000US32003002937,5129,1885,2.72,39.7,14.1,132500,0,0,0,0,1.9,0,1885,1428,1288,36.2,16.4,41077,45996,5129,1242,24.2,3768
32,3,2948,"Census Tract 29.48, Clark County, Nevada",1400000US32003002948,3399,1115,3.04,51.8,16.1,129500,0,0,0,0,1.4,0,1115,406,836,37.9,8.4,41028,50969,3399,582,17.1,2337
32,3,2958,"Census Tract 29.58, Clark County, Nevada",1400000US32003002958,5757,2500,2.29,48.3,21.8,115500,0,0,0,0,2.4,0,2500,1840,1467,33.8,19.4,48275,59390,5757,787,13.7,4051
32,3,2962,"Census Tract 29.62, Clark County, Nevada",1400000US32003002962,1547,615,1.9,27.3,9.5,453600,0,0,0,0,6.7,1.2,615,454,415,34.2,15.6,30848,55892,1142,232,20.3,1247
32,3,3003,"Census Tract 30.03, Clark County, Nevada",1400000US32003003003,5508,2211,2.49,50.9,19.1,123500,0,0,0,0,0.8,0,2211,1204,1051,26.8,22.9,52165,61017,5508,687,12.5,3760
32,3,3210,"Census Tract 32.10, Clark County, Nevada",1400000US32003003210,2561,1403,1.83,376,376,217100,0,0,0,0,0,0,1403,208,499,19.7,34.5,59426,68485,2561,188,7.3,538
32,3,3223,"Census Tract 32.23, Clark County, Nevada",1400000US32003003223,3001,1306,2.3,69.3,32.5,619800,0,0,0,0,0,0,1306,318,223,9.7,55.2,86667,172778,2969,118,4,1924
32,3,3306,"Census Tract 33.06, Clark County, Nevada",1400000US32003003306,4183,1727,2.42,89.6,64.4,176700,0,0,0,0,0,0,1727,310,878,26,24.7,62571,66151,4183,451,10.8,2227
32,3,3409,"Census Tract 34.09, Clark County, Nevada",1400000US32003003409,6432,2139,3,41.3,12.4,111400,0,0,0,0,0.5,0,2139,1005,1755,39.6,13.2,48874,63680,6374,1044,16.4,4703
32,3,3410,"Census Tract 34.10, Clark County, Nevada",1400000US32003003410,5485,2039,2.69,54.9,27.3,148000,0,0,0,0,0,0,2039,453,1408,35.8,13.5,56626,65136,5485,420,7.7,3733
32,3,3411,"Census Tract 34.11, Clark County, Nevada",1400000US32003003411,3856,1714,2.16,51,22.7,157500,0,0,0,0,3.3,0,1714,1195,792,29.2,20.5,39866,48146,3770,705,18.7,2639
32,3,3613,"Census Tract 36.13, Clark County, Nevada",1400000US32003003613,7734,2077,3.72,48.8,6.9,122900,0,0,0,0,1.7,0.8,2077,1012,1319,31.5,17.9,55417,64177,7643,1300,17,5612
32,3,4100,"Census Tract 41, Clark County, Nevada",1400000US32003004100,5602,1427,3.92,75.6,12.9,84000,0,0,0,0,2.7,3.7,1427,369,836,27.2,4.1,35203,49193,5602,1888,33.7,3458
32,3,4710,"Census Tract 47.10, Clark County, Nevada",1400000US32003004710,7320,2046,3.58,80.7,6.6,-888888888,0.5,2.1,0,0,4.4,0,2046,1529,1067,32,3.6,26383,32892,7234,3035,42,4271
32,3,4716,"Census Tract 47.16, Clark County, Nevada",1400000US32003004716,3173,891,3.56,55,10,90900,0,0,0,0,1.1,0,891,244,502,27.1,11.8,41803,54468,3173,775,24.4,2112
32,3,2808,"Census Tract 28.08, Clark County, Nevada",1400000US32003002808,2009,767,2.62,40,18.9,288300,0,0,0,0,1.7,0,767,252,323,20,39.1,64583,111414,1988,201,10.1,1466
32,3,2824,"Census Tract 28.24, Clark County, Nevada",1400000US32003002824,1780,588,3,64.4,39.9,235000,0,0,0,0,0,0,588,92,487,36.5,21.8,66923,111162,1752,96,5.5,1132
32,3,2942,"Census Tract 29.42, Clark County, Nevada",1400000US32003002942,4522,1652,2.73,51,27.3,146800,0.4,0.7,0,0,0.5,0,1652,614,1059,32.3,22.6,50610,62195,4522,629,13.9,3110
32,3,2946,"Census Tract 29.46, Clark County, Nevada",1400000US32003002946,2167,883,2.44,46.2,27.3,171800,0,0,0,0,0.9,0,883,398,459,26.6,22.8,48359,54998,2167,365,16.8,1512
32,3,2947,"Census Tract 29.47, Clark County, Nevada",1400000US32003002947,2971,969,3.05,65.4,41.3,343500,0,0,0,0,0,0,969,190,688,30,34,76453,91042,2944,275,9.3,1846
32,3,2951,"Census Tract 29.51, Clark County, Nevada",1400000US32003002951,7360,2929,2.51,43.7,18.9,196100,0,0,0,0,0,0,2929,1550,1133,22.1,25.9,46888,61163,7360,1095,14.9,5216
32,3,3004,"Census Tract 30.04, Clark County, Nevada",1400000US32003003004,2266,1018,2.23,43.2,17,84200,0,0,0,0,0,0,1018,677,422,29.6,21.7,35722,43141,2266,333,14.7,1656
32,3,3208,"Census Tract 32.08, Clark County, Nevada",1400000US32003003208,2965,980,3,73.7,29.1,358800,0,0,1.3,1.5,0,0,980,96,413,20.2,41.9,106310,121931,2959,119,4,1842
32,3,3218,"Census Tract 32.18, Clark County, Nevada",1400000US32003003218,5400,1935,2.79,58.7,22.8,307900,0,0,0,0,0.5,0.6,1935,406,783,20.3,50.8,108723,176301,5400,53,1,3641
32,3,3219,"Census Tract 32.19, Clark County, Nevada",1400000US32003003219,6150,2667,2.31,77.2,42.4,189800,0,0,0,0,0,0,2667,1243,839,18.4,36.2,54794,67967,6150,530,8.6,3711
32,3,3222,"Census Tract 32.22, Clark County, Nevada",1400000US32003003222,4562,1913,2.38,62.6,27.1,200300,0,0,0,0,0,0,1913,745,617,18.7,37.8,65516,88067,4562,169,3.7,2885
32,3,3305,"Census Tract 33.05, Clark County, Nevada",1400000US32003003305,5680,2017,2.81,60.7,24.2,184600,0.4,0.5,0,0,0,0,2017,326,1106,27.4,23.6,61827,76709,5636,427,7.6,3724
32,3,3414,"Census Tract 34.14, Clark County, Nevada",1400000US32003003414,2331,694,3.03,54.6,30.9,245400,0,0,0,0,0,0,694,108,548,31.6,23.3,75536,81616,2166,187,8.6,1578
32,3,3420,"Census Tract 34.20, Clark County, Nevada",1400000US32003003420,4873,1406,3.47,71.3,15.5,103400,0,0,0,0,3.8,0,1406,816,948,33,13.6,35000,45952,4842,1597,33,2916
32,3,3700,"Census Tract 37, Clark County, Nevada",1400000US32003003700,2946,870,3.39,61,22.1,69000,0,0,0,0,0,0,870,202,871,44.9,5.4,29831,43432,2946,761,25.8,1868
32,3,4500,"Census Tract 45, Clark County, Nevada",1400000US32003004500,4597,1136,4.05,60.7,10,61100,0,0,0,0,4.6,2.3,1136,611,709,28.1,2.5,31791,44303,4597,1254,27.3,3007
32,3,103,"Census Tract 1.03, Clark County, Nevada",1400000US32003000103,5676,1749,3.25,63.1,11.5,102400,1.3,0,0,0,1.3,0,1749,1139,1097,33.5,8.4,32293,45708,5668,1154,20.4,3654
32,3,301,"Census Tract 3.01, Clark County, Nevada",1400000US32003000301,2626,824,2.68,39,13,79500,1.9,3.9,0,0,1.6,0,824,519,796,42.4,7,30389,34322,2626,1006,38.3,1924
32,3,3103,"Census Tract 31.03, Clark County, Nevada",1400000US32003003103,3643,1022,3.34,58.8,21.2,122300,0,0,0,0,0.9,0,1022,532,1016,40.6,5.8,42219,51114,3396,582,17.1,2366
32,3,3104,"Census Tract 31.04, Clark County, Nevada",1400000US32003003104,3921,1624,2.41,53.7,19.6,119600,0,0,0,0,1.6,0,1624,1235,899,34.6,8.5,38619,40131,3921,1066,27.2,2658
32,3,3228,"Census Tract 32.28, Clark County, Nevada",1400000US32003003228,4523,1749,2.59,44.8,9.3,118100,0,0,0,0,0.7,0,1749,896,893,30.6,24.9,52731,70315,4501,993,22.1,3203
32,3,3229,"Census Tract 32.29, Clark County, Nevada",1400000US32003003229,2640,883,2.99,50.6,4.6,-888888888,0,0,1.2,3.7,0,0,883,584,413,27.6,26.8,49295,64804,2640,356,13.5,1825
32,3,3230,"Census Tract 32.30, Clark County, Nevada",1400000US32003003230,8062,2585,3.12,58.3,8.1,199400,0,0,1.8,2.9,0,0,2585,1018,1052,22,36.6,68359,77238,8062,757,9.4,5528
32,3,3231,"Census Tract 32.31, Clark County, Nevada",1400000US32003003231,7942,3098,2.56,43.3,5.1,214600,0.2,0.4,0.5,1.2,0.5,0,3098,1813,1023,20.3,33.1,63492,75640,7929,933,11.8,5646
32,3,3232,"Census Tract 32.32, Clark County, Nevada",1400000US32003003232,5881,1816,3.23,67.8,19.9,376800,0.6,0.7,0,0,0,0,1816,278,936,24.1,30.4,108397,129646,5881,416,7.1,3799
32,3,3233,"Census Tract 32.33, Clark County, Nevada",1400000US32003003233,4130,1456,2.84,56.6,15,226200,0,0,0,0,0,0,1456,564,697,26.3,30.7,78974,92665,4122,154,3.7,2729
32,3,3234,"Census Tract 32.34, Clark County, Nevada",1400000US32003003234,4696,1681,2.79,52.5,9.3,158200,0,0,0,0,0,0,1681,795,714,25,32.4,70322,74865,4684,284,6.1,3274
32,3,3235,"Census Tract 32.35, Clark County, Nevada",1400000US32003003235,3162,1301,2.43,41.6,6.9,236600,0,0,0,0,1.3,0,1301,907,548,27.3,20.5,49219,62003,3147,305,9.7,2270
32,3,3236,"Census Tract 32.36, Clark County, Nevada",1400000US32003003236,2207,837,2.64,57.5,33.8,145700,0,0,0,0,0,0,837,227,672,38.5,21.7,56110,67500,2207,24,1.1,1435
32,3,3237,"Census Tract 32.37, Clark County, Nevada",1400000US32003003237,4147,1526,2.72,37.6,10.4,194400,0,0,0,0,0,0,1526,433,582,20.3,30.3,69583,71352,4147,470,11.3,3045
32,3,3238,"Census Tract 32.38, Clark County, Nevada",1400000US32003003238,6951,2475,2.81,46.7,9.1,-888888888,0,0,0,0,0,0,2475,1023,1257,28.7,31.7,61012,67635,6936,709,10.2,4826
32,3,3239,"Census Tract 32.39, Clark County, Nevada",1400000US32003003239,3495,1380,2.53,55.1,24,180900,0.7,1,0,0,0,0,1380,454,640,24.1,33.1,70982,86550,3495,192,5.5,2319
32,3,3240,"Census Tract 32.40, Clark County, Nevada",1400000US32003003240,3835,1164,3.29,59.9,14.5,202900,0,0,0,0,0,0,1164,199,418,18.8,34.7,69130,89349,3835,523,13.6,2612
32,3,3241,"Census Tract 32.41, Clark County, Nevada",1400000US32003003241,4056,1570,2.57,63.9,23.7,179400,0,0,0,0,1.1,0,1570,785,848,29.7,28,56282,68993,4056,363,8.9,2558
32,3,3242,"Census Tract 32.42, Clark County, Nevada",1400000US32003003242,1738,565,3.05,64,19.2,409700,0,0,0,0,0,0,565,48,281,24.8,42.4,130313,141824,1738,123,7.1,1173
32,3,3243,"Census Tract 32.43, Clark County, Nevada",1400000US32003003243,4516,1624,2.78,64.5,27.4,246300,0,0,0,0,0.6,0.8,1624,454,754,23,32.1,71477,87537,4516,229,5.1,2878
32,3,3244,"Census Tract 32.44, Clark County, Nevada",1400000US32003003244,3773,1389,2.72,58.7,21.2,152800,0,0,0,0,0,0,1389,381,769,30.1,23.2,61297,68930,3740,202,5.4,2454
32,3,3245,"Census Tract 32.45, Clark County, Nevada",1400000US32003003245,4812,1612,2.99,54.7,16.2,190800,0,0,0,0,0,0,1612,455,1061,33.3,28.8,69767,89909,4773,464,9.7,3293
32,3,3246,"Census Tract 32.46, Clark County, Nevada",1400000US32003003246,4055,1598,2.53,64.1,27.4,175200,0,0,0,0,0.3,0,1598,585,846,29,26.4,71628,74695,3943,149,3.8,2610
32,3,3247,"Census Tract 32.47, Clark County, Nevada",1400000US32003003247,3920,1604,2.44,55.6,35,196200,0,0,0,0,0.6,0.9,1604,519,706,23.5,31.1,65694,82724,3920,222,5.7,2577
32,3,3248,"Census Tract 32.48, Clark County, Nevada",1400000US32003003248,3489,1155,3.02,69.2,30.6,279800,0,0,0,0,2.9,1.3,1155,400,453,19,35.9,61186,83541,3489,424,12.2,2090
32,3,3249,"Census Tract 32.49, Clark County, Nevada",1400000US32003003249,3726,1299,2.87,60.1,19.2,253900,0,0,0,0,0,0,1299,244,563,22.6,39.2,97039,116313,3726,337,9,2441