state,county,tract,NAME,GEO_ID,B03002_003E,B03002_004E,B03002_005E,B03002_006E,B03002_007E,B03002_008E,B03002_009E,B03001_002E,B03001_003E,B17006_001E,B17006_002E
32,003,003250,"Census Tract 32.50, Clark County, Nevada",1400000US32003003250,3152,264,0,738,561,20,170,4905,678,1650,315
32,003,003251,"Census Tract 32.51, Clark County, Nevada",1400000US32003003251,1704,47,176,173,24,0,45,2169,219,607,56
32,003,003252,"Census Tract 32.52, Clark County, Nevada",1400000US32003003252,3167,260,0,317,22,0,260,4026,789,780,14
32,003,003253,"Census Tract 32.53, Clark County, Nevada",1400000US32003003253,2022,44,0,372,16,0,408,2862,1067,871,190
32,003,003254,"Census Tract 32.54, Clark County, Nevada",1400000US32003003254,2132,440,0,290,24,0,51,2937,948,790,140
32,003,003260,"Census Tract 32.60, Clark County, Nevada",1400000US32003003260,2019,224,0,267,126,0,162,2798,729,809,52
32,003,003261,"Census Tract 32.61, Clark County, Nevada",1400000US32003003261,1744,39,28,74,36,0,34,1955,639,540,114
32,003,003262,"Census Tract 32.62, Clark County, Nevada",1400000US32003003262,2555,42,13,177,13,0,0,2800,53,0,0
32,003,003307,"Census Tract 33.07, Clark County, Nevada",1400000US32003003307,3446,887,0,390,0,0,499,5222,1194,1649,198
32,003,003308,"Census Tract 33.08, Clark County, Nevada",1400000US32003003308,1835,376,0,169,0,0,91,2471,555,609,0
32,003,003309,"Census Tract 33.09, Clark County, Nevada",1400000US32003003309,2754,508,0,135,0,22,151,3570,504,903,61
32,003,003310,"Census Tract 33.10, Clark County, Nevada",1400000US32003003310,3489,327,35,275,79,0,201,4406,424,1169,31
32,003,003311,"Census Tract 33.11, Clark County, Nevada",1400000US32003003311,2317,376,0,178,0,0,227,3098,618,1037,77
32,003,003312,"Census Tract 33.12, Clark County, Nevada",1400000US32003003312,2510,175,16,261,0,0,330,3292,483,1194,49
32,003,003313,"Census Tract 33.13, Clark County, Nevada",1400000US32003003313,2044,96,0,220,22,30,53,2465,739,1115,0
32,003,003314,"Census Tract 33.14, Clark County, Nevada",1400000US32003003314,5426,209,0,525,23,0,226,6409,865,2257,0
32,003,003315,"Census Tract 33.15, Clark County, Nevada",1400000US32003003315,2343,462,0,378,0,0,264,3447,839,1490,154
32,003,003316,"Census Tract 33.16, Clark County, Nevada",1400000US32003003316,3488,571,75,290,35,5,231,4695,1072,1896,172
32,003,003317,"Census Tract 33.17, Clark County, Nevada",1400000US32003003317,1895,87,0,86,0,0,73,2141,405,660,29
32,003,003318,"Census Tract 33.18, Clark County, Nevada",1400000US32003003318,3133,520,0,548,77,0,191,4469,521,1509,149
32,003,003319,"Census Tract 33.19, Clark County, Nevada",1400000US32003003319,3876,566,52,435,0,0,351,5280,1107,1759,83
32,003,003320,"Census Tract 33.20, Clark County, Nevada",1400000US32003003320,2907,415,0,282,0,0,61,3665,1155,1067,0
32,003,003321,"Census Tract 33.21, Clark County, Nevada",1400000US32003003321,1725,234,0,126,0,0,169,2254,205,408,0
32,003,003426,"Census Tract 34.26, Clark County, Nevada",1400000US32003003426,1691,710,0,128,9,0,73,2611,905,875,314
32,003,003427,"Census Tract 34.27, Clark County, Nevada",1400000US32003003427,1285,565,1,216,0,12,100,2179,1473,902,272
32,003,003428,"Census Tract 34.28, Clark County, Nevada",1400000US32003003428,858,215,0,0,15,24,13,1125,902,502,268
32,003,003429,"Census Tract 34.29, Clark County, Nevada",1400000US32003003429,1350,1132,21,203,61,30,344,3141,2329,1455,644
32,003,003431,"Census Tract 34.31, Clark County, Nevada",1400000US32003003431,507,653,10,100,0,0,79,1349,1929,1228,747
32,003,003617,"Census Tract 36.17, Clark County, Nevada",1400000US32003003617,234,512,0,29,0,0,53,828,537,271,83
32,003,003619,"Census Tract 36.19, Clark County, Nevada",1400000US32003003619,1292,484,15,416,76,34,178,2495,866,1045,28
32,003,003430,"Census Tract 34.30, Clark County, Nevada",1400000US32003003430,362,861,0,154,26,0,189,1592,1163,645,164
32,003,003616,"Census Tract 36.16, Clark County, Nevada",1400000US32003003616,446,1678,7,94,0,0,31,2256,2341,1492,488
32,003,003618,"Census Tract 36.18, Clark County, Nevada",1400000US32003003618,4535,944,0,1051,0,0,290,6820,1389,2351,322
32,003,003620,"Census Tract 36.20, Clark County, Nevada",1400000US32003003620,2302,960,0,721,91,0,187,4261,1109,1631,87
32,003,003621,"Census Tract 36.21, Clark County, Nevada",1400000US32003003621,2674,140,8,177,0,0,57,3056,58,35,0
32,003,003622,"Census Tract 36.22, Clark County, Nevada",1400000US32003003622,2875,1128,31,614,58,0,296,5002,1095,1931,60
32,003,003623,"Census Tract 36.23, Clark County, Nevada",1400000US32003003623,1903,1325,0,94,0,0,550,3872,1833,1863,311
32,003,003624,"Census Tract 36.24, Clark County, Nevada",1400000US32003003624,2124,2012,0,305,0,0,667,5108,1415,2013,115
32,003,003625,"Census Tract 36.25, Clark County, Nevada",1400000US32003003625,3500,1299,0,349,0,0,181,5329,3053,2918,605
32,003,003626,"Census Tract 36.26, Clark County, Nevada",1400000US32003003626,1564,548,0,647,0,0,301,3060,876,1186,183
32,003,003627,"Census Tract 36.27, Clark County, Nevada",1400000US32003003627,1415,1298,0,214,199,0,63,3189,1291,1158,82
32,003,003628,"Census Tract 36.28, Clark County, Nevada",1400000US32003003628,2503,2728,0,592,464,13,656,6956,1975,3118,849
32,003,003629,"Census Tract 36.29, Clark County, Nevada",1400000US32003003629,2430,1094,216,324,0,0,397,4461,1810,1968,166
32,003,003630,"Census Tract 36.30, Clark County, Nevada",1400000US32003003630,2741,892,0,662,15,0,301,4611,1694,1500,369
32,003,003631,"Census Tract 36.31, Clark County, Nevada",1400000US32003003631,1012,814,1,388,23,53,259,2550,1208,1088,320
32,003,003632,"Census Tract 36.32, Clark County, Nevada",1400000US32003003632,1060,654,5,128,5,0,87,1939,1360,1009,159
32,003,003633,"Census Tract 36.33, Clark County, Nevada",1400000US32003003633,1313,780,0,271,0,0,90,2454,1509,1499,386
32,003,003634,"Census Tract 36.34, Clark County, Nevada",1400000US32003003634,1530,1032,0,302,12,19,68,2963,1467,1048,107
32,003,001402,"Census Tract 14.02, Clark County, Nevada",1400000US32003001402,758,263,0,201,0,0,82,1304,2831,946,489
32,003,001501,"Census Tract 15.01, Clark County, Nevada",1400000US32003001501,922,620,32,129,0,5,108,1816,961,399,228
32,003,002206,"Census Tract 22.06, Clark County, Nevada",1400000US32003002206,688,245,21,400,0,0,70,1424,2180,850,332
32,003,002207,"Census Tract 22.07, Clark County, Nevada",1400000US32003002207,381,405,14,142,0,0,56,998,3222,1751,1155
32,003,002302,"Census Tract 23.02, Clark County, Nevada",1400000US32003002302,609,21,77,37,0,0,6,750,155,36,0
32,003,002303,"Census Tract 23.03, Clark County, Nevada",1400000US32003002303,390,10,0,87,0,16,34,537,25,29,0
32,003,002604,"Census Tract 26.04, Clark County, Nevada",1400000US32003002604,779,267,22,132,7,0,15,1222,827,104,43
32,003,002605,"Census Tract 26.05, Clark County, Nevada",1400000US32003002605,399,131,21,0,17,0,63,631,93,50,17
32,003,002837,"Census Tract 28.37, Clark County, Nevada",1400000US32003002837,3372,115,67,300,28,18,114,4014,1872,1093,0
32,003,002838,"Census Tract 28.38, Clark County, Nevada",1400000US32003002838,3186,225,0,369,0,0,153,3933,998,688,123
32,003,002841,"Census Tract 28.41, Clark County, Nevada",1400000US32003002841,2014,97,0,262,5,0,90,2468,252,509,0
32,003,002842,"Census Tract 28.42, Clark County, Nevada",1400000US32003002842,2192,217,0,1300,195,0,399,4303,1494,1667,104
32,003,002843,"Census Tract 28.43, Clark County, Nevada",1400000US32003002843,3625,759,0,1942,149,0,863,7338,1849,2814,300
32,003,002844,"Census Tract 28.44, Clark County, Nevada",1400000US32003002844,3271,689,0,961,19,0,519,5459,948,1540,0
32,003,002845,"Census Tract 28.45, Clark County, Nevada",1400000US32003002845,2137,440,26,238,42,0,349,3232,1663,1337,359
32,003,002846,"Census Tract 28.46, Clark County, Nevada",1400000US32003002846,3683,900,0,1204,0,0,422,6209,1547,1870,55
32,003,004715,"Census Tract 47.15, Clark County, Nevada",1400000US32003004715,1731,1574,0,256,37,37,216,3851,2157,1813,595
32,003,004712,"Census Tract 47.12, Clark County, Nevada",1400000US32003004712,1570,1197,0,175,0,0,382,3324,1640,1493,875
32,003,005012,"Census Tract 50.12, Clark County, Nevada",1400000US32003005012,1231,176,24,69,26,0,140,1666,1310,620,112
32,003,005107,"Census Tract 51.07, Clark County, Nevada",1400000US32003005107,2830,139,0,190,0,0,95,3254,925,1068,86
32,003,005200,"Census Tract 52, Clark County, Nevada",1400000US32003005200,2391,186,15,64,0,0,72,2728,1162,668,157
32,003,000101,"Census Tract 1.01, Clark County, Nevada",1400000US32003000101,1578,402,26,215,167,0,85,2473,4284,1757,427
32,003,001715,"Census Tract 17.15, Clark County, Nevada",1400000US32003001715,784,92,14,44,114,12,74,1134,1843,789,248
32,003,001717,"Census Tract 17.17, Clark County, Nevada",1400000US32003001717,972,19,1,125,0,0,8,1125,287,244,0
32,003,002822,"Census Tract 28.22, Clark County, Nevada",1400000US32003002822,1284,230,0,141,0,0,30,1685,2299,1021,215
32,003,002823,"Census Tract 28.23, Clark County, Nevada",1400000US32003002823,1668,499,32,243,95,8,136,2681,889,579,72
32,003,002825,"Census Tract 28.25, Clark County, Nevada",1400000US32003002825,2151,249,0,24,0,39,73,2536,605,531,210
32,003,002833,"Census Tract 28.33, Clark County, Nevada",1400000US32003002833,3118,97,88,1026,0,0,217,4546,1088,1386,117
32,003,002916,"Census Tract 29.16, Clark County, Nevada",1400000US32003002916,1599,376,4,165,0,19,238,2401,342,455,87
32,003,000516,"Census Tract 5.16, Clark County, Nevada",1400000US32003000516,895,563,9,466,12,11,241,2197,3312,1629,780
32,003,000517,"Census Tract 5.17, Clark County, Nevada",1400000US32003000517,519,528,0,390,0,0,97,1534,3858,1651,358
32,003,000800,"Census Tract 8, Clark County, Nevada",1400000US32003000800,847,273,27,168,20,0,47,1382,576,236,140
32,003,001006,"Census Tract 10.06, Clark County, Nevada",1400000US32003001006,2801,369,0,144,0,0,50,3364,703,801,49
32,003,005016,"Census Tract 50.16, Clark County, Nevada",1400000US32003005016,1849,270,13,498,0,0,289,2919,2917,1182,15
32,003,005017,"Census Tract 50.17, Clark County, Nevada",1400000US32003005017,1362,643,133,909,103,0,179,3329,1746,1369,345
32,003,005346,"Census Tract 53.46, Clark County, Nevada",1400000US32003005346,3029,287,0,1219,0,0,45,4580,931,1321,210
32,003,005347,"Census Tract 53.47, Clark County, Nevada",1400000US32003005347,3701,26,11,758,21,0,90,4607,670,1066,166
32,003,005348,"Census Tract 53.48, Clark County, Nevada",1400000US32003005348,3356,143,0,769,55,0,236,4559,752,1603,81
32,003,005349,"Census Tract 53.49, Clark County, Nevada",1400000US32003005349,2645,185,0,483,0,0,164,3477,786,1052,81
32,003,005350,"Census Tract 53.50, Clark County, Nevada",1400000US32003005350,2625,51,0,369,0,0,167,3212,361,822,9
32,003,005351,"Census Tract 53.51, Clark County, Nevada",1400000US32003005351,2664,233,102,518,15,0,320,3852,658,1271,307
32,003,005352,"Census Tract 53.52, Clark County, Nevada",1400000US32003005352,2631,77,0,108,0,28,95,2939,311,816,80
32,003,005711,"Census Tract 57.11, Clark County, Nevada",1400000US32003005711,3500,73,13,632,0,114,32,4364,395,1412,87
32,003,005712,"Census Tract 57.12, Clark County, Nevada",1400000US32003005712,6598,448,0,820,0,0,63,7929,991,1760,104
32,003,005713,"Census Tract 57.13, Clark County, Nevada",1400000US32003005713,4231,245,40,569,146,40,313,5584,351,1083,0
32,003,005714,"Census Tract 57.14, Clark County, Nevada",1400000US32003005714,4512,248,0,442,16,0,63,5281,244,0,0
32,003,005715,"Census Tract 57.15, Clark County, Nevada",1400000US32003005715,3212,294,0,477,0,0,68,4051,315,818,0
32,003,005716,"Census Tract 57.16, Clark County, Nevada",1400000US32003005716,2835,222,0,686,0,44,7,3794,46,0,0
32,003,005822,"Census Tract 58.22, Clark County, Nevada",1400000US32003005822,3859,134,0,1014,144,10,262,5423,1049,2081,73
32,003,005823,"Census Tract 58.23, Clark County, Nevada",1400000US32003005823,2823,371,0,749,0,44,165,4152,448,1488,31
32,003,005824,"Census Tract 58.24, Clark County, Nevada",1400000US32003005824,2274,52,0,556,0,0,28,2910,225,658,76
32,003,005825,"Census Tract 58.25, Clark County, Nevada",1400000US32003005825,2400,526,0,718,182,0,307,4133,1695,1222,313
32,003,005826,"Census Tract 58.26, Clark County, Nevada",1400000US32003005826,1925,431,0,902,5,0,14,3277,602,695,29
32,003,005827,"Census Tract 58.27, Clark County, Nevada",1400000US32003005827,4165,114,30,1308,6,14,255,5892,742,1448,200
32,003,005828,"Census Tract 58.28, Clark County, Nevada",1400000US32003005828,3865,622,29,1814,69,0,383,6782,878,2325,48
32,003,005829,"Census Tract 58.29, Clark County, Nevada",1400000US32003005829,2979,451,46,1393,98,0,268,5235,1802,1738,282
32,003,005830,"Census Tract 58.30, Clark County, Nevada",1400000US32003005830,1501,549,0,1101,0,0,175,3326,487,772,0
32,003,005831,"Census Tract 58.31, Clark County, Nevada",1400000US32003005831,2286,311,0,1002,0,24,439,4062,514,1408,86
32,003,005832,"Census Tract 58.32, Clark County, Nevada",1400000US32003005832,2494,168,9,1032,8,0,264,3975,453,1250,222
32,003,005833,"Census Tract 58.33, Clark County, Nevada",1400000US32003005833,3077,473,21,1762,33,0,166,5532,1629,1880,167
32,003,005834,"Census Tract 58.34, Clark County, Nevada",1400000US32003005834,1183,199,0,260,0,0,29,1671,605,628,14
32,003,005835,"Census Tract 58.35, Clark County, Nevada",1400000US32003005835,2161,1164,20,559,0,0,187,4091,991,1223,23
32,003,005836,"Census Tract 58.36, Clark County, Nevada",1400000US32003005836,2744,103,0,578,68,0,138,3631,671,1279,67
32,003,005837,"Census Tract 58.37, Clark County, Nevada",1400000US32003005837,2725,245,13,858,0,0,237,4078,624,1371,81
32,003,005838,"Census Tract 58.38, Clark County, Nevada",1400000US32003005838,3660,269,0,1071,0,0,232,5232,848,1653,26
32,003,005839,"Census Tract 58.39, Clark County, Nevada",1400000US32003005839,2466,284,0,436,0,0,230,3416,694,1155,71
32,003,005840,"Census Tract 58.40, Clark County, Nevada",1400000US32003005840,3931,907,0,2308,171,0,587,7904,1901,2824,219
32,003,005841,"Census Tract 58.41, Clark County, Nevada",1400000US32003005841,3303,216,14,583,0,0,252,4368,633,1109,127
32,003,005842,"Census Tract 58.42, Clark County, Nevada",1400000US32003005842,1542,246,41,204,8,0,53,2094,44,505,92
32,003,005843,"Census Tract 58.43, Clark County, Nevada",1400000US32003005843,1982,48,0,388,0,0,73,2491,180,580,128
32,003,005844,"Census Tract 58.44, Clark County, Nevada",1400000US32003005844,4453,377,0,496,0,0,201,5527,587,1548,22
32,003,005845,"Census Tract 58.45, Clark County, Nevada",1400000US32003005845,2649,306,0,278,0,0,232,3465,599,927,224
32,003,005846,"Census Tract 58.46, Clark County, Nevada",1400000US32003005846,3697,47,0,822,0,0,54,4620,519,559,0
32,003,005847,"Census Tract 58.47, Clark County, Nevada",1400000US32003005847,937,269,0,407,0,0,96,1709,140,420,27
32,003,005848,"Census Tract 58.48, Clark County, Nevada",1400000US32003005848,1705,545,19,424,12,63,330,3098,841,1015,331
32,003,005849,"Census Tract 58.49, Clark County, Nevada",1400000US32003005849,1561,679,84,592,0,0,145,3061,621,926,50
32,003,005850,"Census Tract 58.50, Clark County, Nevada",1400000US32003005850,1482,447,0,1077,67,0,379,3452,571,713,16
32,003,005851,"Census Tract 58.51, Clark County, Nevada",1400000US32003005851,2480,310,93,1370,31,0,324,4608,1449,1230,17
32,003,005852,"Census Tract 58.52, Clark County, Nevada",1400000US32003005852,2074,32,0,1303,0,0,196,3605,716,988,52
32,003,005853,"Census Tract 58.53, Clark County, Nevada",1400000US32003005853,3212,513,19,1859,62,0,460,6125,1679,2089,418
32,003,005854,"Census Tract 58.54, Clark County, Nevada",1400000US32003005854,4177,1695,76,1988,253,17,453,8659,1362,1975,293
32,003,005855,"Census Tract 58.55, Clark County, Nevada",1400000US32003005855,2988,396,0,1652,33,0,735,5804,685,1834,304
32,003,005856,"Census Tract 58.56, Clark County, Nevada",1400000US32003005856,1934,239,9,1217,26,121,426,3972,483,1172,46
32,003,005903,"Census Tract 59.03, Clark County, Nevada",1400000US32003005903,2005,4,0,40,25,0,7,2081,336,322,0
32,003,005904,"Census Tract 59.04, Clark County, Nevada",1400000US32003005904,1995,5,26,48,0,0,13,2087,198,155,0
32,003,005905,"Census Tract 59.05, Clark County, Nevada",1400000US32003005905,2047,0,1,53,11,30,60,2202,212,190,0
32,003,006001,"Census Tract 60.01, Clark County, Nevada",1400000US32003006001,2305,1660,30,542,17,0,338,4892,1598,2032,649
32,003,006104,"Census Tract 61.04, Clark County, Nevada",1400000US32003006104,1664,267,0,1001,44,0,85,3061,859,890,174
32,003,006700,"Census Tract 67, Clark County, Nevada",1400000US32003006700,570,29,0,106,0,4,28,737,61,9,0
32,003,006800,"Census Tract 68, Clark County, Nevada",1400000US32003006800,1353,537,43,196,35,27,121,2312,2394,1016,382
32,003,006900,"Census Tract 69, Clark County, Nevada",1400000US32003006900,1162,61,0,252,18,0,31,1524,325,219,0
32,003,007100,"Census Tract 71, Clark County, Nevada",1400000US32003007100,726,47,0,49,0,0,7,829,2499,1123,576
32,003,007200,"Census Tract 72, Clark County, Nevada",1400000US32003007200,1228,880,65,259,0,0,202,2634,2206,1414,548
32,003,007500,"Census Tract 75, Clark County, Nevada",1400000US32003007500,1639,894,153,55,27,0,175,2943,610,197,29
32,003,007600,"Census Tract 76, Clark County, Nevada",1400000US32003007600,2851,11,0,58,32,0,12,2964,939,1104,35
32,003,007800,"Census Tract 78, Clark County, Nevada",1400000US32003007800,1587,203,0,82,26,0,68,1966,429,491,202
32,003,004915,"Census Tract 49.15, Clark County, Nevada",1400000US32003004915,947,230,0,124,265,0,73,1639,1713,767,162
32,003,004919,"Census Tract 49.19, Clark County, Nevada",1400000US32003004919,1763,234,8,446,0,0,138,2589,1858,1259,108
32,003,005311,"Census Tract 53.11, Clark County, Nevada",1400000US32003005311,1747,193,0,344,0,0,158,2442,537,755,80
32,003,003635,"Census Tract 36.35, Clark County, Nevada",1400000US32003003635,1822,705,175,513,57,110,330,3712,2229,1524,36
32,003,003636,"Census Tract 36.36, Clark County, Nevada",1400000US32003003636,1458,355,0,365,0,0,79,2257,444,601,123
32,003,003637,"Census Tract 36.37, Clark County, Nevada",1400000US32003003637,1992,882,210,226,0,49,108,3467,1310,1475,203
32,003,003638,"Census Tract 36.38, Clark County, Nevada",1400000US32003003638,723,774,2,318,123,4,225,2169,905,1027,387
32,003,003639,"Census Tract 36.39, Clark County, Nevada",1400000US32003003639,1188,591,0,312,0,0,78,2169,1637,1152,227
32,003,003640,"Census Tract 36.40, Clark County, Nevada",1400000US32003003640,1516,947,0,216,2,0,164,2845,2269,1593,149
32,003,003641,"Census Tract 36.41, Clark County, Nevada",1400000US32003003641,1255,2523,0,307,115,0,136,4336,1780,1783,338
32,003,003642,"Census Tract 36.42, Clark County, Nevada",1400000US32003003642,993,1060,0,246,12,0,187,2498,1985,1259,169
32,003,003643,"Census Tract 36.43, Clark County, Nevada",1400000US32003003643,1257,1005,0,323,14,0,292,2891,2366,1730,403
32,003,003644,"Census Tract 36.44, Clark County, Nevada",1400000US32003003644,673,1748,1,124,155,0,205,2906,1556,1128,231
32,003,004301,"Census Tract 43.01, Clark County, Nevada",1400000US32003004301,60,98,0,0,0,0,0,158,1393,559,402
32,003,004302,"Census Tract 43.02, Clark County, Nevada",1400000US32003004302,321,527,0,26,5,0,13,892,2933,1243,643
32,003,004401,"Census Tract 44.01, Clark County, Nevada",1400000US32003004401,345,39,0,46,0,0,0,430,2214,1018,537
32,003,004402,"Census Tract 44.02, Clark County, Nevada",1400000US32003004402,187,494,20,0,0,6,68,775,3125,1648,981
32,003,004601,"Census Tract 46.01, Clark County, Nevada",1400000US32003004601,351,1265,4,32,0,4,40,1696,3118,1819,952
32,003,004602,"Census Tract 46.02, Clark County, Nevada",1400000US32003004602,272,589,11,37,14,20,47,990,1824,1049,489
32,003,004925,"Census Tract 49.25, Clark County, Nevada",1400000US32003004925,1575,486,11,691,217,12,83,3075,3126,1787,425
32,003,004926,"Census Tract 49.26, Clark County, Nevada",1400000US32003004926,1029,188,0,492,0,0,209,1918,1626,895,152
32,003,005013,"Census Tract 50.13, Clark County, Nevada",1400000US32003005013,635,539,0,830,89,51,124,2268,1780,1127,196
32,003,005014,"Census Tract 50.14, Clark County, Nevada",1400000US32003005014,1507,667,17,1079,30,48,253,3601,2134,1415,409
32,003,005015,"Census Tract 50.15, Clark County, Nevada",1400000US32003005015,1465,352,0,1128,0,0,213,3158,1141,770,18
32,003,005343,"Census Tract 53.43, Clark County, Nevada",1400000US32003005343,3490,61,10,244,0,0,250,4055,472,1186,148
32,003,003006,"Census Tract 30.06, Clark County, Nevada",1400000US32003003006,1724,162,25,138,0,0,41,2090,1777,1089,482
32,003,002915,"Census Tract 29.15, Clark County, Nevada",1400000US32003002915,2967,419,15,431,0,51,162,4045,750,668,52
32,003,002954,"Census Tract 29.54, Clark County, Nevada",1400000US32003002954,1693,185,10,575,25,0,75,2563,1150,622,347
32,003,003215,"Census Tract 32.15, Clark County, Nevada",1400000US32003003215,2571,507,6,242,78,0,267,3671,771,887,358
32,003,003615,"Census Tract 36.15, Clark County, Nevada",1400000US32003003615,867,571,0,173,17,0,150,1778,1069,787,182
32,003,003800,"Census Tract 38, Clark County, Nevada",1400000US32003003800,678,751,0,14,59,0,44,1546,2363,1017,582
32,003,004200,"Census Tract 42, Clark County, Nevada",1400000US32003004200,556,117,0,38,82,0,72,865,3778,1557,776
32,003,004713,"Census Tract 47.13, Clark County, Nevada",1400000US32003004713,615,903,0,54,0,36,78,1686,2404,1477,868
32,003,004916,"Census Tract 49.16, Clark County, Nevada",1400000US32003004916,621,281,5,91,6,32,89,1125,1576,737,291
32,003,004920,"Census Tract 49.20, Clark County, Nevada",1400000US32003004920,1203,606,61,154,6,14,45,2089,3522,1956,700
32,003,005010,"Census Tract 50.10, Clark County, Nevada",1400000US32003005010,1881,410,54,114,0,35,229,2723,2326,1121,462
32,003,005011,"Census Tract 50.11, Clark County, Nevada",1400000US32003005011,1030,313,0,56,0,0,38,1437,1739,750,289
32,003,005313,"Census Tract 53.13, Clark County, Nevada",1400000US32003005313,3943,326,134,132,0,0,370,4905,1082,1215,41
32,003,005316,"Census Tract 53.16, Clark County, Nevada",1400000US32003005316,2894,268,0,235,11,11,227,3646,1397,997,188
32,003,005320,"Census Tract 53.20, Clark County, Nevada",1400000US32003005320,1914,89,0,92,0,12,105,2212,455,524,37
32,003,005501,"Census Tract 55.01, Clark County, Nevada",1400000US32003005501,3631,43,12,334,0,0,20,4040,188,299,0
32,003,005703,"Census Tract 57.03, Clark County, Nevada",1400000US32003005703,647,72,0,101,12,0,3,835,102,88,56
32,003,006103,"Census Tract 61.03, Clark County, Nevada",1400000US32003006103,1307,264,0,160,52,0,182,1965,1144,873,344
32,003,006201,"Census Tract 62.01, Clark County, Nevada",1400000US32003006201,1136,478,12,23,13,11,196,1869,1719,1207,517
32,003,002504,"Census Tract 25.04, Clark County, Nevada",1400000US32003002504,1692,520,30,152,82,0,197,2673,1169,389,111
32,003,001901,"Census Tract 19.01, Clark County, Nevada",1400000US32003001901,1208,338,0,481,0,0,40,2067,3855,1690,477
32,003,002403,"Census Tract 24.03, Clark County, Nevada",1400000US32003002403,936,821,0,606,0,0,63,2426,1275,504,118
32,003,002405,"Census Tract 24.05, Clark County, Nevada",1400000US32003002405,1236,511,0,182,23,0,107,2059,2610,1364,687
32,003,005702,"Census Tract 57.02, Clark County, Nevada",1400000US32003005702,2462,118,34,26,0,0,190,2830,429,584,359
32,003,005341,"Census Tract 53.41, Clark County, Nevada",1400000US32003005341,1757,54,0,98,34,0,52,1995,371,435,92
32,003,005612,"Census Tract 56.12, Clark County, Nevada",1400000US32003005612,1190,20,20,0,0,0,36,1266,115,412,31
32,003,005809,"Census Tract 58.09, Clark County, Nevada",1400000US32003005809,2246,339,21,294,0,0,224,3124,790,632,61
32,003,005811,"Census Tract 58.11, Clark County, Nevada",1400000US32003005811,4011,984,169,1748,17,0,205,7134,1600,1711,268
32,003,005336,"Census Tract 53.36, Clark County, Nevada",1400000US32003005336,3108,88,0,164,24,0,46,3430,452,1168,274
32,003,005312,"Census Tract 53.12, Clark County, Nevada",1400000US32003005312,1599,145,1,298,0,21,51,2115,457,507,160
32,003,005335,"Census Tract 53.35, Clark County, Nevada",1400000US32003005335,3905,42,60,135,0,0,96,4238,346,846,36
32,003,005337,"Census Tract 53.37, Clark County, Nevada",1400000US32003005337,2453,79,0,104,0,0,210,2846,327,824,66
32,003,005342,"Census Tract 53.42, Clark County, Nevada",1400000US32003005342,2686,49,7,90,0,0,55,2887,550,932,37
32,003,005432,"Census Tract 54.32, Clark County, Nevada",1400000US32003005432,4254,411,32,157,0,0,222,5076,785,859,14
32,003,005502,"Census Tract 55.02, Clark County, Nevada",1400000US32003005502,3697,12,0,43,0,0,94,3846,579,837,92
32,003,005803,"Census Tract 58.03, Clark County, Nevada",1400000US32003005803,2810,203,0,300,0,0,331,3644,628,888,311
32,003,005804,"Census Tract 58.04, Clark County, Nevada",1400000US32003005804,2639,220,14,513,0,0,106,3492,317,494,0
32,003,005806,"Census Tract 58.06, Clark County, Nevada",1400000US32003005806,2403,258,7,281,8,0,155,3112,545,695,131
32,003,000203,"Census Tract 2.03, Clark County, Nevada",1400000US32003000203,1462,672,13,365,23,20,115,2670,1576,1090,424
32,003,001607,"Census Tract 16.07, Clark County, Nevada",1400000US32003001607,2433,328,121,275,55,0,287,3499,1400,1098,470
32,003,001708,"Census Tract 17.08, Clark County, Nevada",1400000US32003001708,1688,210,83,106,6,0,70,2163,789,402,85
32,003,001712,"Census Tract 17.12, Clark County, Nevada",1400000US32003001712,1984,545,10,181,0,0,171,2891,1105,693,269
32,003,001803,"Census Tract 18.03, Clark County, Nevada",1400000US32003001803,1031,156,0,58,0,0,16,1261,1371,494,33
32,003,001804,"Census Tract 18.04, Clark County, Nevada",1400000US32003001804,715,283,0,278,0,0,110,1386,2337,1030,523
32,003,005503,"Census Tract 55.03, Clark County, Nevada",1400000US32003005503,2783,0,96,27,25,0,79,3010,147,541,78
32,003,005421,"Census Tract 54.21, Clark County, Nevada",1400000US32003005421,2057,1042,0,35,12,0,66,3212,536,852,576
32,003,005423,"Census Tract 54.23, Clark County, Nevada",1400000US32003005423,2563,766,21,106,0,39,144,3639,895,1012,393
32,003,005433,"Census Tract 54.33, Clark County, Nevada",1400000US32003005433,3719,24,12,60,0,0,141,3956,703,1133,76
32,003,005805,"Census Tract 58.05, Clark County, Nevada",1400000US32003005805,2316,98,9,151,0,10,43,2627,344,344,20
32,003,005808,"Census Tract 58.08, Clark County, Nevada",1400000US32003005808,1885,193,10,312,9,0,312,2721,443,599,38
32,003,005353,"Census Tract 53.53, Clark County, Nevada",1400000US32003005353,2669,195,0,352,0,51,164,3431,483,1039,39
32,003,005354,"Census Tract 53.54, Clark County, Nevada",1400000US32003005354,3512,483,28,444,31,0,177,4675,929,1541,229
32,003,005355,"Census Tract 53.55, Clark County, Nevada",1400000US32003005355,4112,121,0,477,0,0,129,4839,424,879,160
32,003,005356,"Census Tract 53.56, Clark County, Nevada",1400000US32003005356,1827,92,0,200,9,0,41,2169,424,502,0
32,003,005358,"Census Tract 53.58, Clark County, Nevada",1400000US32003005358,2257,7,0,80,7,0,45,2396,557,1159,25
32,003,005504,"Census Tract 55.04, Clark County, Nevada",1400000US32003005504,2936,35,0,44,23,0,71,3109,342,842,115
32,003,000514,"Census Tract 5.14, Clark County, Nevada",1400000US32003000514,1213,502,0,89,5,0,236,2045,4618,2007,742
32,003,000510,"Census Tract 5.10, Clark County, Nevada",1400000US32003000510,422,363,0,26,0,0,4,815,3658,1313,335
32,003,005357,"Census Tract 53.57, Clark County, Nevada",1400000US32003005357,4347,474,0,754,0,0,129,5704,800,1745,114
32,003,005359,"Census Tract 53.59, Clark County, Nevada",1400000US32003005359,5903,628,11,428,0,0,237,7207,992,2325,184
32,003,005360,"Census Tract 53.60, Clark County, Nevada",1400000US32003005360,3593,111,19,136,0,15,130,4004,735,1025,263
32,003,005434,"Census Tract 54.34, Clark County, Nevada",1400000US32003005434,3744,72,45,190,1,0,113,4165,758,1129,15
32,003,005435,"Census Tract 54.35, Clark County, Nevada",1400000US32003005435,2799,73,0,56,0,0,80,3008,394,648,47
32,003,005436,"Census Tract 54.36, Clark County, Nevada",1400000US32003005436,4734,1071,0,427,0,0,427,6659,1648,1778,115
32,003,005437,"Census Tract 54.37, Clark County, Nevada",1400000US32003005437,2255,148,0,91,12,0,34,2540,70,372,75
32,003,005438,"Census Tract 54.38, Clark County, Nevada",1400000US32003005438,1550,124,93,43,0,0,20,1830,325,359,79
32,003,005439,"Census Tract 54.39, Clark County, Nevada",1400000US32003005439,1885,191,0,128,22,0,143,2369,1235,956,209
32,003,005614,"Census Tract 56.14, Clark County, Nevada",1400000US32003005614,1011,9,0,9,0,0,54,1083,1345,811,431
32,003,005615,"Census Tract 56.15, Clark County, Nevada",1400000US32003005615,1309,0,87,11,0,0,0,1407,399,340,120
32,003,002847,"Census Tract 28.47, Clark County, Nevada",1400000US32003002847,1437,515,40,345,0,0,168,2505,1221,957,233
32,003,002848,"Census Tract 28.48, Clark County, Nevada",1400000US32003002848,1881,296,24,213,14,0,45,2473,938,557,43
32,003,002964,"Census Tract 29.64, Clark County, Nevada",1400000US32003002964,1437,875,0,804,21,0,41,3178,1551,1054,315
32,003,002965,"Census Tract 29.65, Clark County, Nevada",1400000US32003002965,1980,245,23,128,0,2,0,2378,1813,467,211
32,003,002966,"Census Tract 29.66, Clark County, Nevada",1400000US32003002966,1198,1358,22,584,342,35,122,3661,1051,881,499
32,003,002970,"Census Tract 29.70, Clark County, Nevada",1400000US32003002970,1085,555,0,976,66,0,110,2792,1055,775,228
32,003,002967,"Census Tract 29.67, Clark County, Nevada",1400000US32003002967,1319,934,0,337,6,26,191,2813,756,509,175
32,003,002968,"Census Tract 29.68, Clark County, Nevada",1400000US32003002968,1342,343,4,600,41,0,67,2397,411,530,30
32,003,002969,"Census Tract 29.69, Clark County, Nevada",1400000US32003002969,507,308,0,193,11,0,49,1068,398,254,35
32,003,002974,"Census Tract 29.74, Clark County, Nevada",1400000US32003002974,2434,613,0,958,62,0,427,4494,910,914,343
32,003,002975,"Census Tract 29.75, Clark County, Nevada",1400000US32003002975,2035,839,0,1359,132,0,339,4704,1415,1273,206
32,003,002976,"Census Tract 29.76, Clark County, Nevada",1400000US32003002976,2267,208,0,1172,0,0,292,3939,490,1027,190
32,003,002977,"Census Tract 29.77, Clark County, Nevada",1400000US32003002977,1401,152,0,752,0,0,199,2504,665,812,26
32,003,002978,"Census Tract 29.78, Clark County, Nevada",1400000US32003002978,1542,340,0,581,9,0,200,2672,708,670,113
32,003,002979,"Census Tract 29.79, Clark County, Nevada",1400000US32003002979,1161,168,0,439,0,0,48,1816,539,365,96
32,003,002983,"Census Tract 29.83, Clark County, Nevada",1400000US32003002983,939,576,0,877,0,0,169,2561,519,841,35
32,003,002985,"Census Tract 29.85, Clark County, Nevada",1400000US32003002985,1518,536,176,1172,0,0,199,3601,884,1072,44
32,003,002995,"Census Tract 29.95, Clark County, Nevada",1400000US32003002995,544,216,45,463,0,48,51,1367,1316,550,191
32,003,002980,"Census Tract 29.80, Clark County, Nevada",1400000US32003002980,2096,647,0,2598,486,10,253,6090,701,1818,42
32,003,002981,"Census Tract 29.81, Clark County, Nevada",1400000US32003002981,1576,427,13,1047,42,0,413,3518,1332,1248,145
32,003,002982,"Census Tract 29.82, Clark County, Nevada",1400000US32003002982,2018,554,63,2412,47,0,273,5367,1697,1611,158
32,003,000302,"Census Tract 3.02, Clark County, Nevada",1400000US32003000302,195,2832,16,61,128,16,73,3321,1499,1578,1074
32,003,000513,"Census Tract 5.13, Clark County, Nevada",1400000US32003000513,843,270,0,62,0,0,25,1200,2824,1342,913
32,003,000700,"Census Tract 7, Clark County, Nevada",1400000US32003000700,1568,1374,58,79,21,0,201,3301,1029,106,36
32,003,001100,"Census Tract 11, Clark County, Nevada",1400000US32003001100,347,317,24,323,0,0,88,1099,1118,457,250
32,003,001608,"Census Tract 16.08, Clark County, Nevada",1400000US32003001608,637,53,0,62,26,0,0,778,841,297,134
32,003,005106,"Census Tract 51.06, Clark County, Nevada",1400000US32003005106,1723,363,0,213,28,109,110,2546,656,753,50
32,003,004918,"Census Tract 49.18, Clark County, Nevada",1400000US32003004918,1272,518,32,288,105,0,168,2383,1739,984,156
32,003,004923,"Census Tract 49.23, Clark County, Nevada",1400000US32003004923,1011,682,4,696,83,0,41,2517,1636,1138,275
32,003,005108,"Census Tract 51.08, Clark County, Nevada",1400000US32003005108,2394,390,0,229,0,0,143,3156,709,751,53
32,003,005109,"Census Tract 51.09, Clark County, Nevada",1400000US32003005109,4888,410,0,719,0,0,67,6084,1114,1343,138
32,003,005319,"Census Tract 53.19, Clark County, Nevada",1400000US32003005319,1476,137,0,255,0,0,62,1930,699,553,116
32,003,005613,"Census Tract 56.13, Clark County, Nevada",1400000US32003005613,4191,182,59,13,0,0,13,4458,356,1748,65
32,003,005705,"Census Tract 57.05, Clark County, Nevada",1400000US32003005705,2147,86,13,69,30,7,94,2446,173,167,45
32,003,005902,"Census Tract 59.02, Clark County, Nevada",1400000US32003005902,1025,0,174,8,4,1,9,1221,355,473,44
32,003,006203,"Census Tract 62.03, Clark County, Nevada",1400000US32003006203,1165,175,25,84,0,13,154,1616,1516,912,277
32,003,006204,"Census Tract 62.04, Clark County, Nevada",1400000US32003006204,1523,302,60,450,21,0,103,2459,2241,1279,347
32,003,005818,"Census Tract 58.18, Clark County, Nevada",1400000US32003005818,1978,1112,42,53,39,8,217,3449,1068,274,54
32,003,004907,"Census Tract 49.07, Clark County, Nevada",1400000US32003004907,1488,311,29,415,57,0,135,2435,1157,861,110
32,003,004911,"Census Tract 49.11, Clark County, Nevada",1400000US32003004911,955,371,0,468,0,0,89,1883,1859,928,319
32,003,001003,"Census Tract 10.03, Clark County, Nevada",1400000US32003001003,1422,276,0,170,30,0,226,2124,1959,857,190
32,003,001613,"Census Tract 16.13, Clark County, Nevada",1400000US32003001613,1528,225,0,93,0,0,31,1877,2079,902,324
32,003,001714,"Census Tract 17.14, Clark County, Nevada",1400000US32003001714,1401,66,38,140,0,17,32,1694,1623,636,51
32,003,002000,"Census Tract 20, Clark County, Nevada",1400000US32003002000,2331,464,15,351,18,0,67,3246,876,399,82
32,003,002505,"Census Tract 25.05, Clark County, Nevada",1400000US32003002505,544,150,6,222,36,0,18,976,758,360,93
32,003,002826,"Census Tract 28.26, Clark County, Nevada",1400000US32003002826,1461,182,0,251,0,0,53,1947,1023,672,74
32,003,002936,"Census Tract 29.36, Clark County, Nevada",1400000US32003002936,1221,720,1,628,18,0,79,2667,687,567,106
32,003,002944,"Census Tract 29.44, Clark County, Nevada",1400000US32003002944,1648,215,0,1236,0,0,0,3099,549,617,169
32,003,002956,"Census Tract 29.56, Clark County, Nevada",1400000US32003002956,898,505,0,453,12,0,23,1891,640,285,48
32,003,003001,"Census Tract 30.01, Clark County, Nevada",1400000US32003003001,1962,106,0,142,168,6,136,2520,1478,955,55
32,003,003303,"Census Tract 33.03, Clark County, Nevada",1400000US32003003303,2558,749,0,192,132,0,192,3823,1615,1318,157
32,003,003416,"Census Tract 34.16, Clark County, Nevada",1400000US32003003416,1694,284,5,73,0,26,16,2098,1129,560,66
32,003,003418,"Census Tract 34.18, Clark County, Nevada",1400000US32003003418,1147,1164,25,534,0,12,147,3029,1454,1491,529
32,003,003421,"Census Tract 34.21, Clark County, Nevada",1400000US32003003421,1425,397,29,299,0,0,269,2419,916,822,197
32,003,003423,"Census Tract 34.23, Clark County, Nevada",1400000US32003003423,1839,1541,0,387,0,123,129,4019,2418,1535,436
32,003,003609,"Census Tract 36.09, Clark County, Nevada",1400000US32003003609,1982,1062,1,76,347,0,208,3676,1198,1058,182
32,003,003610,"Census Tract 36.10, Clark County, Nevada",1400000US32003003610,2107,890,32,189,127,0,207,3552,2315,1622,35
32,003,003612,"Census Tract 36.12, Clark County, Nevada",1400000US32003003612,2036,1861,11,503,0,0,447,4858,2549,1675,50
32,003,004707,"Census Tract 47.07, Clark County, Nevada",1400000US32003004707,361,201,0,31,0,0,5,598,2347,1025,428
32,003,004709,"Census Tract 47.09, Clark County, Nevada",1400000US32003004709,366,1090,0,197,65,0,192,1910,4414,2606,1224
32,003,004914,"Census Tract 49.14, Clark County, Nevada",1400000US32003004914,880,213,10,22,0,11,15,1151,1427,663,238
32,003,004924,"Census Tract 49.24, Clark County, Nevada",1400000US32003004924,967,502,77,114,19,0,150,1829,2081,1152,484
32,003,005006,"Census Tract 50.06, Clark County, Nevada",1400000US32003005006,2575,643,0,77,0,59,85,3439,1726,1196,173
32,003,005104,"Census Tract 51.04, Clark County, Nevada",1400000US32003005104,2304,129,30,145,275,15,95,2993,342,580,55
32,003,005321,"Census Tract 53.21, Clark County, Nevada",1400000US32003005321,2507,266,0,355,0,26,168,3322,803,793,79
32,003,002984,"Census Tract 29.84, Clark County, Nevada",1400000US32003002984,1819,394,0,1753,77,0,301,4344,1038,1100,14
32,003,002996,"Census Tract 29.96, Clark County, Nevada",1400000US32003002996,1053,278,0,803,0,17,329,2480,2606,1074,380
32,003,005607,"Census Tract 56.07, Clark County, Nevada",1400000US32003005607,2112,74,28,0,0,0,0,2214,1375,813,259
32,003,005704,"Census Tract 57.04, Clark County, Nevada",1400000US32003005704,1432,105,0,26,0,0,13,1576,401,344,149
32,003,005807,"Census Tract 58.07, Clark County, Nevada",1400000US32003005807,2492,585,0,437,44,0,205,3763,541,911,153
32,003,005813,"Census Tract 58.13, Clark County, Nevada",1400000US32003005813,1716,735,25,806,38,61,103,3484,952,993,190
32,003,006202,"Census Tract 62.02, Clark County, Nevada",1400000US32003006202,1171,603,7,60,58,0,284,2183,1714,1056,365
32,003,000204,"Census Tract 2.04, Clark County, Nevada",1400000US32003000204,537,37,13,155,5,0,32,779,324,195,30
32,003,000515,"Census Tract 5.15, Clark County, Nevada",1400000US32003000515,583,272,0,195,81,0,46,1177,3795,1453,603
32,003,000518,"Census Tract 5.18, Clark County, Nevada",1400000US32003000518,1082,736,0,127,0,0,200,2145,3408,1687,651
32,003,001609,"Census Tract 16.09, Clark County, Nevada",1400000US32003001609,1002,241,0,444,0,0,35,1722,3095,1012,627
32,003,000900,"Census Tract 9, Clark County, Nevada",1400000US32003000900,746,159,0,90,0,0,25,1020,81,7,0
32,003,001612,"Census Tract 16.12, Clark County, Nevada",1400000US32003001612,2007,1322,88,318,24,0,293,4052,2938,1613,658
32,003,002941,"Census Tract 29.41, Clark County, Nevada",1400000US32003002941,2026,317,0,383,0,0,88,2814,1868,1012,265
32,003,003214,"Census Tract 32.14, Clark County, Nevada",1400000US32003003214,1519,129,0,64,5,0,23,1740,40,0,0
32,003,004910,"Census Tract 49.10, Clark County, Nevada",1400000US32003004910,534,176,0,499,11,23,33,1276,1766,610,100
32,003,005103,"Census Tract 51.03, Clark County, Nevada",1400000US32003005103,2724,387,0,460,0,15,166,3752,1414,688,20
32,003,001300,"Census Tract 13, Clark County, Nevada",1400000US32003001300,1196,76,31,232,28,0,129,1692,3654,1401,493
32,003,002406,"Census Tract 24.06, Clark County, Nevada",1400000US32003002406,1212,462,9,327,0,0,122,2132,863,367,142
32,003,002827,"Census Tract 28.27, Clark County, Nevada",1400000US32003002827,1318,292,1,69,2,0,159,1841,744,314,40
32,003,002961,"Census Tract 29.61, Clark County, Nevada",1400000US32003002961,1357,210,2,250,0,0,121,1940,250,360,80
32,003,003220,"Census Tract 32.20, Clark County, Nevada",1400000US32003003220,2780,847,0,253,21,23,126,4050,2442,1337,441
32,003,004703,"Census Tract 47.03, Clark County, Nevada",1400000US32003004703,870,1555,11,239,57,0,111,2843,2518,1495,392
32,003,003408,"Census Tract 34.08, Clark County, Nevada",1400000US32003003408,2863,279,0,344,0,7,209,3702,1063,1079,130
32,003,005007,"Census Tract 50.07, Clark County, Nevada",1400000US32003005007,1261,218,0,471,0,0,228,2178,446,440,51
32,003,003211,"Census Tract 32.11, Clark County, Nevada",1400000US32003003211,2989,46,0,92,0,11,18,3156,142,6,0
32,003,003419,"Census Tract 34.19, Clark County, Nevada",1400000US32003003419,2339,1801,76,131,0,0,149,4496,2715,2119,516
32,003,004917,"Census Tract 49.17, Clark County, Nevada",1400000US32003004917,1083,359,0,107,36,0,11,1596,1536,865,149
32,003,005322,"Census Tract 53.22, Clark County, Nevada",1400000US32003005322,903,37,0,180,104,0,4,1228,137,317,32
32,003,000600,"Census Tract 6, Clark County, Nevada",1400000US32003000600,738,441,30,102,0,0,52,1363,1068,432,183
32,003,001718,"Census Tract 17.18, Clark County, Nevada",1400000US32003001718,777,221,0,46,59,0,10,1113,1381,594,278
32,003,002603,"Census Tract 26.03, Clark County, Nevada",1400000US32003002603,1783,387,36,445,143,0,134,2928,830,237,81
32,003,003005,"Census Tract 30.05, Clark County, Nevada",1400000US32003003005,1966,176,0,120,0,0,73,2335,1102,645,70
32,003,003500,"Census Tract 35, Clark County, Nevada",1400000US32003003500,228,1688,0,117,0,30,54,2117,933,937,468
32,003,004912,"Census Tract 49.12, Clark County, Nevada",1400000US32003004912,1212,494,17,335,0,0,262,2320,3308,1721,698
32,003,005317,"Census Tract 53.17, Clark County, Nevada",1400000US32003005317,3595,232,23,790,0,13,82,4735,621,764,0
32,003,005338,"Census Tract 53.38, Clark County, Nevada",1400000US32003005338,1632,20,0,48,0,14,9,1723,174,0,0
32,003,000401,"Census Tract 4.01, Clark County, Nevada",1400000US32003000401,702,549,116,49,2,0,59,1477,552,226,153
32,003,000106,"Census Tract 1.06, Clark County, Nevada",1400000US32003000106,2008,389,0,257,0,0,98,2752,1618,708,452
32,003,000107,"Census Tract 1.07, Clark County, Nevada",1400000US32003000107,1515,321,0,379,132,10,136,2493,1173,775,139
32,003,000109,"Census Tract 1.09, Clark County, Nevada",1400000US32003000109,1237,256,23,143,11,0,167,1837,1950,834,203
32,003,000108,"Census Tract 1.08, Clark County, Nevada",1400000US32003000108,918,142,31,20,13,0,7,1131,2791,1088,321
32,003,000402,"Census Tract 4.02, Clark County, Nevada",1400000US32003000402,474,383,6,136,17,0,36,1052,2005,801,426
32,003,000521,"Census Tract 5.21, Clark County, Nevada",1400000US32003000521,450,334,15,90,0,0,68,957,2506,1214,592
32,003,000403,"Census Tract 4.03, Clark County, Nevada",1400000US32003000403,644,581,0,124,12,0,0,1361,958,341,147
32,003,000520,"Census Tract 5.20, Clark County, Nevada",1400000US32003000520,210,43,0,28,0,6,32,319,1854,703,238
32,003,000522,"Census Tract 5.22, Clark County, Nevada",1400000US32003000522,146,214,0,193,0,0,23,576,2091,851,536
32,003,000523,"Census Tract 5.23, Clark County, Nevada",1400000US32003000523,421,531,0,66,13,0,87,1118,1177,856,637
32,003,000524,"Census Tract 5.24, Clark County, Nevada",1400000US32003000524,225,135,0,23,0,0,68,451,1330,687,372
32,003,000525,"Census Tract 5.25, Clark County, Nevada",1400000US32003000525,277,296,0,24,0,0,3,600,2018,669,142
32,003,000527,"Census Tract 5.27, Clark County, Nevada",1400000US32003000527,349,414,0,124,0,0,18,905,2954,1294,334
32,003,000526,"Census Tract 5.26, Clark County, Nevada",1400000US32003000526,396,113,27,56,79,0,0,671,2334,973,458
32,003,000528,"Census Tract 5.28, Clark County, Nevada",1400000US32003000528,223,396,26,38,0,4,44,731,2247,1127,447
32,003,001401,"Census Tract 14.01, Clark County, Nevada",1400000US32003001401,1121,80,17,154,0,0,2,1374,1511,725,508
32,003,001502,"Census Tract 15.02, Clark County, Nevada",1400000US32003001502,1603,280,37,132,50,0,27,2129,1624,403,207
32,003,001200,"Census Tract 12, Clark County, Nevada",1400000US32003001200,1557,221,27,326,0,0,94,2225,1596,922,409
32,003,001706,"Census Tract 17.06, Clark County, Nevada",1400000US32003001706,1749,133,0,470,0,0,88,2440,498,355,49
32,003,001709,"Census Tract 17.09, Clark County, Nevada",1400000US32003001709,853,109,0,30,18,0,50,1060,482,340,113
32,003,001711,"Census Tract 17.11, Clark County, Nevada",1400000US32003001711,2001,231,35,340,17,0,58,2682,1018,476,177
32,003,002708,"Census Tract 27.08, Clark County, Nevada",1400000US32003002708,481,1015,23,174,0,0,42,1735,904,898,437
32,003,002821,"Census Tract 28.21, Clark County, Nevada",1400000US32003002821,2284,463,31,422,51,0,245,3496,1274,593,116
32,003,002829,"Census Tract 28.29, Clark County, Nevada",1400000US32003002829,2260,145,22,280,11,28,210,2956,1101,837,43
32,003,002919,"Census Tract 29.19, Clark County, Nevada",1400000US32003002919,1994,200,15,648,0,0,90,2947,878,661,139
32,003,002935,"Census Tract 29.35, Clark County, Nevada",1400000US32003002935,734,148,20,258,0,0,71,1231,309,278,54
32,003,002949,"Census Tract 29.49, Clark County, Nevada",1400000US32003002949,1283,182,0,336,0,64,207,2072,1196,424,33
32,003,002950,"Census Tract 29.50, Clark County, Nevada",1400000US32003002950,1830,645,0,921,14,4,314,3728,953,961,115
32,003,002953,"Census Tract 29.53, Clark County, Nevada",1400000US32003002953,2203,326,47,676,0,21,310,3583,1049,919,136
32,003,003102,"Census Tract 31.02, Clark County, Nevada",1400000US32003003102,2082,430,22,154,0,0,131,2819,2651,1534,713
32,003,003213,"Census Tract 32.13, Clark County, Nevada",1400000US32003003213,1791,74,0,57,0,0,34,1956,85,0,0
32,003,003607,"Census Tract 36.07, Clark County, Nevada",1400000US32003003607,3114,896,55,611,34,0,308,5018,2603,2105,142
32,003,003227,"Census Tract 32.27, Clark County, Nevada",1400000US32003003227,2063,397,0,489,0,48,181,3178,299,533,47
32,003,003413,"Census Tract 34.13, Clark County, Nevada",1400000US32003003413,2379,666,17,167,39,0,132,3400,1581,1127,225
32,003,004000,"Census Tract 40, Clark County, Nevada",1400000US32003004000,378,68,13,38,0,0,14,511,2936,1090,499
32,003,004717,"Census Tract 47.17, Clark County, Nevada",1400000US32003004717,706,88,28,23,0,0,18,863,2513,983,227
32,003,005102,"Census Tract 51.02, Clark County, Nevada",1400000US32003005102,3570,243,9,200,71,26,197,4316,552,1032,131
32,003,005314,"Census Tract 53.14, Clark County, Nevada",1400000US32003005314,1920,119,0,191,75,0,78,2383,323,518,0
32,003,005315,"Census Tract 53.15, Clark County, Nevada",1400000US32003005315,3569,239,0,316,0,0,199,4323,699,946,19
32,003,005318,"Census Tract 53.18, Clark County, Nevada",1400000US32003005318,2296,75,38,286,118,0,131,2944,329,791,286
32,003,005333,"Census Tract 53.33, Clark County, Nevada",1400000US32003005333,1756,53,0,334,0,14,81,2238,230,537,17
32,003,005422,"Census Tract 54.22, Clark County, Nevada",1400000US32003005422,2569,439,18,16,0,0,83,3125,1058,1071,352
32,003,002938,"Census Tract 29.38, Clark County, Nevada",1400000US32003002938,811,167,7,286,0,0,17,1288,154,287,65
32,003,002940,"Census Tract 29.40, Clark County, Nevada",1400000US32003002940,1424,527,0,1029,61,0,189,3230,536,674,160
32,003,002952,"Census Tract 29.52, Clark County, Nevada",1400000US32003002952,1594,430,8,414,0,0,51,2497,223,473,40
32,003,000519,"Census Tract 5.19, Clark County, Nevada",1400000US32003000519,610,109,0,139,0,0,74,932,3800,1437,700
32,003,001004,"Census Tract 10.04, Clark County, Nevada",1400000US32003001004,3018,644,11,257,0,10,381,4321,2725,1313,307
32,003,001005,"Census Tract 10.05, Clark County, Nevada",1400000US32003001005,1194,59,0,69,0,0,47,1369,203,364,8
32,003,001707,"Census Tract 17.07, Clark County, Nevada",1400000US32003001707,954,106,9,93,12,14,11,1199,303,237,72
32,003,001710,"Census Tract 17.10, Clark County, Nevada",1400000US32003001710,1302,333,16,280,45,0,95,2071,1745,593,116
32,003,001713,"Census Tract 17.13, Clark County, Nevada",1400000US32003001713,1503,80,0,41,0,0,149,1773,1332,605,25
32,003,001801,"Census Tract 18.01, Clark County, Nevada",1400000US32003001801,2650,392,0,81,16,0,67,3206,3434,1134,529
32,003,002201,"Census Tract 22.01, Clark County, Nevada",1400000US32003002201,1730,414,0,308,0,51,81,2584,1621,822,430
32,003,002203,"Census Tract 22.03, Clark County, Nevada",1400000US32003002203,735,345,0,683,0,0,148,1911,3408,1797,742
32,003,002404,"Census Tract 24.04, Clark County, Nevada",1400000US32003002404,632,1393,0,93,4,0,40,2162,2567,1618,1106
32,003,002706,"Census Tract 27.06, Clark County, Nevada",1400000US32003002706,1147,291,0,146,0,0,72,1656,1726,580,333
32,003,002707,"Census Tract 27.07, Clark County, Nevada",1400000US32003002707,1266,249,29,260,12,15,62,1893,1647,789,171
32,003,002810,"Census Tract 28.10, Clark County, Nevada",1400000US32003002810,1499,487,59,492,0,0,78,2615,865,659,271
32,003,002811,"Census Tract 28.11, Clark County, Nevada",1400000US32003002811,2646,165,16,415,0,0,141,3383,570,797,51
32,003,002828,"Census Tract 28.28, Clark County, Nevada",1400000US32003002828,2203,251,25,444,0,0,111,3034,591,646,60
32,003,002835,"Census Tract 28.35, Clark County, Nevada",1400000US32003002835,1407,243,0,403,21,0,118,2192,436,422,50
32,003,002939,"Census Tract 29.39, Clark County, Nevada",1400000US32003002939,1273,72,0,194,0,0,61,1600,140,187,14
32,003,003204,"Census Tract 32.04, Clark County, Nevada",1400000US32003003204,4138,233,61,329,71,0,217,5049,574,687,0
32,003,003415,"Census Tract 34.15, Clark County, Nevada",1400000US32003003415,2541,1222,90,350,49,0,116,4368,2485,1893,1057
32,003,002957,"Census Tract 29.57, Clark County, Nevada",1400000US32003002957,1398,109,0,135,0,0,26,1668,234,214,0
32,003,003226,"Census Tract 32.26, Clark County, Nevada",1400000US32003003226,1793,42,26,342,0,0,108,2311,163,458,26
32,003,003412,"Census Tract 34.12, Clark County, Nevada",1400000US32003003412,2072,452,36,215,0,10,116,2901,1417,830,155
32,003,000105,"Census Tract 1.05, Clark County, Nevada",1400000US32003000105,1424,64,7,116,0,0,69,1680,2363,1040,261
32,003,000201,"Census Tract 2.01, Clark County, Nevada",1400000US32003000201,558,1588,0,167,0,23,145,2481,1875,1062,477
32,003,003422,"Census Tract 34.22, Clark County, Nevada",1400000US32003003422,2127,463,89,102,1,88,141,3011,2131,1143,393
32,003,004714,"Census Tract 47.14, Clark County, Nevada",1400000US32003004714,808,1171,20,207,36,22,73,2337,3100,1849,737
32,003,004921,"Census Tract 49.21, Clark County, Nevada",1400000US32003004921,1735,670,0,70,0,0,178,2653,3038,1233,511
32,003,005005,"Census Tract 50.05, Clark County, Nevada",1400000US32003005005,2477,594,11,126,5,0,184,3397,638,660,368
32,003,005101,"Census Tract 51.01, Clark County, Nevada",1400000US32003005101,4705,195,175,754,0,11,313,6153,1888,1768,154
32,003,005105,"Census Tract 51.05, Clark County, Nevada",1400000US32003005105,4694,948,0,576,0,44,295,6557,2187,2238,604
32,003,001610,"Census Tract 16.10, Clark County, Nevada",1400000US32003001610,970,38,0,142,7,0,4,1161,1952,954,262
32,003,001611,"Census Tract 16.11, Clark County, Nevada",1400000US32003001611,918,189,10,344,9,0,79,1549,2782,990,359
32,003,001716,"Census Tract 17.16, Clark County, Nevada",1400000US32003001716,584,25,0,72,11,0,18,710,1054,463,133
32,003,001902,"Census Tract 19.02, Clark County, Nevada",1400000US32003001902,1246,208,0,253,17,0,119,1843,2022,697,293
32,003,002204,"Census Tract 22.04, Clark County, Nevada",1400000US32003002204,564,273,97,109,0,41,22,1106,3078,1583,890
32,003,002501,"Census Tract 25.01, Clark County, Nevada",1400000US32003002501,1892,336,56,786,0,0,265,3335,3412,1279,352
32,003,002830,"Census Tract 28.30, Clark County, Nevada",1400000US32003002830,3265,197,0,413,443,0,297,4615,1549,1299,0
32,003,002836,"Census Tract 28.36, Clark County, Nevada",1400000US32003002836,1590,235,0,546,39,0,105,2515,1295,911,29
32,003,002905,"Census Tract 29.05, Clark County, Nevada",1400000US32003002905,2371,479,10,926,0,0,67,3853,1000,888,293
32,003,002506,"Census Tract 25.06, Clark County, Nevada",1400000US32003002506,1013,402,0,615,0,44,70,2144,1562,848,225
32,003,002814,"Census Tract 28.14, Clark County, Nevada",1400000US32003002814,2925,405,12,826,124,10,226,4528,582,774,46
32,003,002831,"Census Tract 28.31, Clark County, Nevada",1400000US32003002831,1647,274,0,617,141,0,34,2713,1134,582,180
32,003,002832,"Census Tract 28.32, Clark County, Nevada",1400000US32003002832,2998,430,0,632,138,0,278,4476,1355,985,100
32,003,002834,"Census Tract 28.34, Clark County, Nevada",1400000US32003002834,3885,394,23,540,79,0,374,5295,1501,1758,92
32,003,002937,"Census Tract 29.37, Clark County, Nevada",1400000US32003002937,1385,613,0,851,2,17,79,2947,2182,940,341
32,003,002948,"Census Tract 29.48, Clark County, Nevada",1400000US32003002948,1283,150,0,89,0,0,71,1593,1806,800,235
32,003,002958,"Census Tract 29.58, Clark County, Nevada",1400000US32003002958,2101,731,25,997,35,93,319,4301,1456,1030,332
32,003,002962,"Census Tract 29.62, Clark County, Nevada",1400000US32003002962,878,271,0,118,0,0,27,1294,253,189,62
32,003,003003,"Census Tract 30.03, Clark County, Nevada",1400000US32003003003,2662,332,0,487,104,34,228,3847,1661,1159,273
32,003,003210,"Census Tract 32.10, Clark County, Nevada",1400000US32003003210,2270,43,0,137,0,0,0,2450,111,0,0
32,003,003223,"Census Tract 32.23, Clark County, Nevada",1400000US32003003223,2189,118,9,496,0,0,0,2812,189,619,32
32,003,003306,"Census Tract 33.06, Clark County, Nevada",1400000US32003003306,2931,401,11,159,9,0,123,3634,549,557,135
32,003,003409,"Census Tract 34.09, Clark County, Nevada",1400000US32003003409,3906,598,19,307,47,0,86,4963,1469,1264,236
32,003,003410,"Census Tract 34.10, Clark County, Nevada",1400000US32003003410,3195,493,11,355,25,0,184,4263,1222,964,52
32,003,003411,"Census Tract 34.11, Clark County, Nevada",1400000US32003003411,2114,534,35,438,0,0,132,3253,603,721,201
32,003,003613,"Census Tract 36.13, Clark County, Nevada",1400000US32003003613,1965,1732,9,166,149,0,306,4327,3407,2045,352
32,003,004100,"Census Tract 41, Clark County, Nevada",1400000US32003004100,643,80,45,72,0,11,13,864,4738,1986,918
32,003,004710,"Census Tract 47.10, Clark County, Nevada",1400000US32003004710,644,817,0,123,17,0,68,1669,5651,2915,1626
32,003,004716,"Census Tract 47.16, Clark County, Nevada",1400000US32003004716,512,497,0,80,0,0,110,1199,1974,922,363
32,003,002808,"Census Tract 28.08, Clark County, Nevada",1400000US32003002808,1380,187,0,104,0,0,95,1766,243,282,8
32,003,002824,"Census Tract 28.24, Clark County, Nevada",1400000US32003002824,1230,14,9,197,0,6,18,1474,306,232,5
32,003,002942,"Census Tract 29.42, Clark County, Nevada",1400000US32003002942,2163,404,5,733,16,7,259,3587,935,710,187
32,003,002946,"Census Tract 29.46, Clark County, Nevada",1400000US32003002946,1136,130,0,487,0,0,12,1765,402,281,89
32,003,002947,"Census Tract 29.47, Clark County, Nevada",1400000US32003002947,2038,23,0,401,0,0,183,2645,326,406,0
32,003,002951,"Census Tract 29.51, Clark County, Nevada",1400000US32003002951,3055,457,7,2437,0,25,174,6155,1205,1261,219
32,003,003004,"Census Tract 30.04, Clark County, Nevada",1400000US32003003004,1066,449,15,54,24,0,71,1679,587,415,23
32,003,003208,"Census Tract 32.08, Clark County, Nevada",1400000US32003003208,2181,168,13,266,9,0,100,2737,228,756,17
32,003,003218,"Census Tract 32.18, Clark County, Nevada",1400000US32003003218,3376,292,7,609,0,0,278,4562,838,1222,0
32,003,003219,"Census Tract 32.19, Clark County, Nevada",1400000US32003003219,3345,771,0,582,18,0,368,5084,1066,1210,84
32,003,003222,"Census Tract 32.22, Clark County, Nevada",1400000US32003003222,2806,346,13,538,0,0,169,3872,690,992,49
32,003,003305,"Census Tract 33.05, Clark County, Nevada",1400000US32003003305,3280,639,4,428,57,0,217,4625,1055,1245,170
32,003,003414,"Census Tract 34.14, Clark County, Nevada",1400000US32003003414,1473,238,56,42,3,0,79,1891,440,346,17
32,003,003420,"Census Tract 34.20, Clark County, Nevada",1400000US32003003420,1491,543,0,65,0,0,90,2189,2684,1542,853
32,003,003700,"Census Tract 37, Clark County, Nevada",1400000US32003003700,159,1608,0,24,0,0,8,1799,1147,712,233
32,003,004500,"Census Tract 45, Clark County, Nevada",1400000US32003004500,364,421,9,64,0,0,201,1059,3538,1447,546
32,003,000103,"Census Tract 1.03, Clark County, Nevada",1400000US32003000103,1209,458,71,211,0,0,138,2087,3589,1789,410
32,003,000301,"Census Tract 3.01, Clark County, Nevada",1400000US32003000301,258,1279,0,40,15,13,70,1675,951,492,139
32,003,003103,"Census Tract 31.03, Clark County, Nevada",1400000US32003003103,1721,285,0,148,21,0,87,2262,1381,835,162
32,003,003104,"Census Tract 31.04, Clark County, Nevada",1400000US32003003104,1473,687,16,73,9,0,201,2459,1462,871,468
32,003,003228,"Census Tract 32.28, Clark County, Nevada",1400000US32003003228,2561,566,9,333,0,7,207,3683,840,1067,464
32,003,003229,"Census Tract 32.29, Clark County, Nevada",1400000US32003003229,1327,371,67,151,0,0,144,2060,580,807,90
32,003,003230,"Census Tract 32.30, Clark County, Nevada",1400000US32003003230,4609,850,21,443,40,0,377,6340,1722,2556,225
32,003,003231,"Census Tract 32.31, Clark County, Nevada",1400000US32003003231,4768,453,35,827,0,156,475,6714,1228,2103,469
32,003,003232,"Census Tract 32.32, Clark County, Nevada",1400000US32003003232,4335,366,33,318,1,21,277,5351,530,1670,140
32,003,003233,"Census Tract 32.33, Clark County, Nevada",1400000US32003003233,1711,527,6,1016,56,0,275,3591,539,1088,59
32,003,003234,"Census Tract 32.34, Clark County, Nevada",1400000US32003003234,2508,727,0,198,0,10,161,3604,1092,1292,109
32,003,003235,"Census Tract 32.35, Clark County, Nevada",1400000US32003003235,1504,755,29,117,33,0,118,2556,606,759,36
32,003,003236,"Census Tract 32.36, Clark County, Nevada",1400000US32003003236,1671,174,12,91,12,0,90,2050,157,329,0
32,003,003237,"Census Tract 32.37, Clark County, Nevada",1400000US32003003237,2684,311,159,111,0,0,104,3369,778,820,187
32,003,003238,"Census Tract 32.38, Clark County, Nevada",1400000US32003003238,3571,1330,0,512,0,0,234,5647,1304,1768,164
32,003,003239,"Census Tract 32.39, Clark County, Nevada",1400000US32003003239,1998,245,15,395,0,6,376,3035,460,700,52
32,003,003240,"Census Tract 32.40, Clark County, Nevada",1400000US32003003240,2584,88,0,355,123,0,123,3273,562,1082,250
32,003,003241,"Census Tract 32.41, Clark County, Nevada",1400000US32003003241,2219,486,0,156,0,8,173,3042,1014,994,152
32,003,003242,"Census Tract 32.42, Clark County, Nevada",1400000US32003003242,1243,24,0,297,2,0,28,1594,144,475,33
32,003,003243,"Census Tract 32.43, Clark County, Nevada",1400000US32003003243,2704,322,0,588,10,8,199,3831,685,987,0
32,003,003244,"Census Tract 32.44, Clark County, Nevada",1400000US32003003244,2357,261,45,154,0,0,51,2868,905,849,41
32,003,003245,"Census Tract 32.45, Clark County, Nevada",1400000US32003003245,2799,325,105,301,0,84,121,3735,1077,1143,161
32,003,003246,"Census Tract 32.46, Clark County, Nevada",1400000US32003003246,2310,171,0,839,0,0,64,3384,671,801,0
32,003,003247,"Census Tract 32.47, Clark County, Nevada",1400000US32003003247,2688,241,19,305,0,7,156,3416,504,518,0
32,003,003248,"Census Tract 32.48, Clark County, Nevada",1400000US32003003248,1898,274,0,621,6,0,23,2822,667,796,54
32,003,003249,"Census Tract 32.49, Clark County, Nevada",1400000US32003003249,2253,414,0,308,8,13,57,3053,673,952,147
