<?xml version="1.0" encoding="UTF-8"?>
<metadata xml:lang="en">
	<Esri>
		<CreaDate>20250731</CreaDate>
		<CreaTime>11263300</CreaTime>
		<ArcGISFormat>1.0</ArcGISFormat>
		<ArcGISstyle>FGDC CSDGM Metadata</ArcGISstyle>
		<SyncOnce>FALSE</SyncOnce>
		<DataProperties>
			<itemProps>
				<itemName Sync="TRUE">HOME_PROGRAM_ACTIVITY</itemName>
				<nativeExtBox>
					<westBL Sync="TRUE">-17753610.432700</westBL>
					<eastBL Sync="TRUE">-7202718.037200</eastBL>
					<southBL Sync="TRUE">2007933.675600</southBL>
					<northBL Sync="TRUE">9566715.104900</northBL>
					<exTypeCode Sync="TRUE">1</exTypeCode>
				</nativeExtBox>
				<imsContentType Sync="TRUE">002</imsContentType></itemProps>
			<coordRef>
				<type Sync="TRUE">Projected</type>
				<geogcsn Sync="TRUE">GCS_WGS_1984</geogcsn>
				<csUnits Sync="TRUE">Linear Unit: Meter (1.000000)</csUnits>
				<projcsn Sync="TRUE">WGS_1984_Web_Mercator_Auxiliary_Sphere</projcsn>
				<peXml Sync="TRUE">&lt;ProjectedCoordinateSystem xsi:type='typens:ProjectedCoordinateSystem' xmlns:xsi='http://www.w3.org/2001/XMLSchema-instance' xmlns:xs='http://www.w3.org/2001/XMLSchema' xmlns:typens='http://www.esri.com/schemas/ArcGIS/2.9.0'&gt;&lt;WKT&gt;PROJCS[&amp;quot;WGS_1984_Web_Mercator_Auxiliary_Sphere&amp;quot;,GEOGCS[&amp;quot;GCS_WGS_1984&amp;quot;,DATUM[&amp;quot;D_WGS_1984&amp;quot;,SPHEROID[&amp;quot;WGS_1984&amp;quot;,6378137.0,298.257223563]],PRIMEM[&amp;quot;Greenwich&amp;quot;,0.0],UNIT[&amp;quot;Degree&amp;quot;,0.0174532925199433]],PROJECTION[&amp;quot;Mercator_Auxiliary_Sphere&amp;quot;],PARAMETER[&amp;quot;False_Easting&amp;quot;,0.0],PARAMETER[&amp;quot;False_Northing&amp;quot;,0.0],PARAMETER[&amp;quot;Central_Meridian&amp;quot;,0.0],PARAMETER[&amp;quot;Standard_Parallel_1&amp;quot;,0.0],PARAMETER[&amp;quot;Auxiliary_Sphere_Type&amp;quot;,0.0],UNIT[&amp;quot;Meter&amp;quot;,1.0],AUTHORITY[&amp;quot;EPSG&amp;quot;,3857]]&lt;/WKT&gt;&lt;XOrigin&gt;-20037700&lt;/XOrigin&gt;&lt;YOrigin&gt;-30241100&lt;/YOrigin&gt;&lt;XYScale&gt;10000&lt;/XYScale&gt;&lt;ZOrigin&gt;0&lt;/ZOrigin&gt;&lt;ZScale&gt;1&lt;/ZScale&gt;&lt;MOrigin&gt;0&lt;/MOrigin&gt;&lt;MScale&gt;1&lt;/MScale&gt;&lt;XYTolerance&gt;0.001&lt;/XYTolerance&gt;&lt;ZTolerance&gt;2&lt;/ZTolerance&gt;&lt;MTolerance&gt;2&lt;/MTolerance&gt;&lt;HighPrecision&gt;true&lt;/HighPrecision&gt;&lt;WKID&gt;102100&lt;/WKID&gt;&lt;LatestWKID&gt;3857&lt;/LatestWKID&gt;&lt;/ProjectedCoordinateSystem&gt;</peXml>
			</coordRef>
		</DataProperties>
		<SyncDate>20250723</SyncDate>
		<SyncTime>14120600</SyncTime>
		<ModDate>20250723</ModDate>
		<ModTime>14120600</ModTime>
	</Esri>
	<mdChar>
		<CharSetCd value="004"/>
	</mdChar>
	<mdHrLv>
		<ScopeCd value="005"/>
	</mdHrLv>
	<mdContact>
		<rpIndName>HUD eGIS Team</rpIndName>
		<rpOrgName>U.S. Department of Housing and Urban Development</rpOrgName>
		<rpCntInfo>
			<cntPhone>
				<voiceNum>202-708-1112</voiceNum>
			</cntPhone>
			<cntAddress addressType="postal">
				<delPoint>451 7th Street SW rm. 8126</delPoint>
				<city>Washington</city>
				<adminArea>D.C.</adminArea>
				<postCode>20410-0001</postCode>
				<country>US</country>
				<eMailAdd>GIShelpdesk@hud.gov</eMailAdd>
			</cntAddress>
		</rpCntInfo>
		<role>
			<RoleCd value="007"/>
		</role>
	</mdContact>
	<mdDateSt>20241112</mdDateSt>
	<mdStanName>ArcGIS Metadata</mdStanName>
	<mdStanVer>1.0</mdStanVer>
	<dataIdInfo>
		<idCitation>
			<resTitle>HOME Program Activity</resTitle>
			<date>
				<pubDate>2024-11-12</pubDate>
			</date>
			<presForm>
				<PresFormCd value="005"/>
			</presForm>
			<presForm>
				<fgdcGeoform>vector digital data</fgdcGeoform>
			</presForm>
		</idCitation>
		<idAbs>			The Community Development Block Grant (CDBG), and HOME Investments Partnership Program (HOME) are federal block grants distributed (via formula) to states and local governments. Recipients use the grant funds to carry out housing, economic development, and public improvement efforts that serve low, and moderate-income communities. This dataset denotes the primary locations, and relevant information of HOME program activities, and which HUD classifies using one of the following categories:	Asset Acquisition - activity related to acquisition, including disposition, clearance and demolition, and clean-up of contaminated Sites/brownfields.Economic Development - activity related to economic development, including commercial or industrial rehab, commercial or industrial land acquisition, commercial or industrial construction, commercial or industrial infrastructure development, direct assistance to businesses, and micro-enterprise assistance.Housing - activity related to housing, including multifamily rehab, housing services, code enforcement, operation and repair of foreclosed property and public housing modernization.Public Improvements - activity related to public improvements, including senior centers, youth centers, parks, street improvements, water/sewer improvements, child care centers, fire stations, health centers, non-residential historic preservation, etc.Public Services - activity related to public services, including senior services, legal services, youth services, employment training, health services, homebuyer counseling, food banks, etc.Other - activity related to urban renewal completion, non-profit organization capacity building, and assistance to institutions of higher education.HOME Activity (point) - All HOME activities.			Location data for HUD-related properties and facilities are derived from HUD's enterprise geocoding service. Note that these data only include latitude and longitude coordinates and associated attributes for those addresses that can be geocoded to an interpolated point along a street segment, or to a ZIP+4 centroid location. While not all records are able to be geocoded and mapped, we are continuously working to improve the address data quality and enhance coverage. Please consider this issue when using any datasets provided by HUD.		To learn more about the CDBG program visit: https://www.hud.gov/hudprograms/home-program				Data Dictionary: DD_HOME Program Activity				Date of Coverage: Up to 10/2023  		Last Updated: 11/2023</idAbs>
		<idPurp>The Community Development Block Grant (CDBG) and HOME Investments Partnership Program (HOME) are federal block grants distributed via formula to states and local governments.  The HOME Program is a federal block grant program distributed (via formula) to states and local governments. Participating jurisdictions may use HOME funds for a variety of housing activities, according to local housing needs. Eligible uses of funds include: tenant-based rental assistance, housing rehabilitation, assistance to home-buyers, and new construction of housing.</idPurp>
		<idCredit>U.S. Department of Housing and Urban Development,
U.S. Census Bureau</idCredit>
		<idStatus>
			<ProgCd value="007"/>
		</idStatus>
		<idPoC>
			<rpIndName>HUD eGIS Team</rpIndName>
			<rpOrgName>U.S. Department of Housing and Urban Development</rpOrgName>
			<rpCntInfo>
				<cntPhone>
					<voiceNum>202-708-1112</voiceNum>
				</cntPhone>
				<cntAddress addressType="postal">
					<delPoint>451 7th Street SW rm. 8126</delPoint>
					<city>Washington</city>
					<adminArea>D.C.</adminArea>
					<postCode>20410-0001</postCode>
					<country>US</country>
					<eMailAdd>GIShelpdesk@hud.gov</eMailAdd>
				</cntAddress>
			</rpCntInfo>
			<role>
				<RoleCd value="007"/>
			</role>
		</idPoC>
		<resMaint>
			<maintFreq>
				<MaintFreqCd value="006"/>
			</maintFreq>
		</resMaint>
		<graphOver>
			<bgFileName>https://hud.maps.arcgis.com/sharing/rest/content/items/3f71ffeddbc34af090cbe1a9974af7cf/info/thumbnail/thumbnail.png?</bgFileName>
			<bgFileDesc>Marginal and subscript text featuring image of geographic feature content. Department of Housing and Urban Development and eGIS logo in bottom right.</bgFileDesc>
			<bgFileType>PNG</bgFileType>
		</graphOver>
		<placeKeys>
			<keyword>UNITED STATES OF AMERICA</keyword>
			<thesaName>
				<resTitle>ISO 3166 — Codes for the representation of names of countries and their subdivisions</resTitle>
			</thesaName>
		</placeKeys>
		<themeKeys>
			<keyword>U.S. Department of Housing and Urban Development</keyword>
			<keyword>HUD</keyword>
			<keyword>HOME</keyword>
			<keyword>Community Planning and Development</keyword>
			<keyword>CPD</keyword>
			<keyword>Home Investment Partership Program</keyword>
			<keyword>Community Development Programs</keyword>
			<keyword>HUD.Official.Content</keyword>
		</themeKeys>
		<themeKeys>
			<keyword>Boundaries</keyword>
			<keyword>Economy</keyword>
			<keyword>Location</keyword>
			<keyword>Society</keyword>
			<thesaName>
				<resTitle>ISO 19115 Topic Category</resTitle>
			</thesaName>
		</themeKeys>
		<searchKeys>
			<keyword>U.S. Department of Housing and Urban Development</keyword>
			<keyword>HUD</keyword>
			<keyword>HOME</keyword>
			<keyword>Community Planning and Development</keyword>
			<keyword>CPD</keyword>
			<keyword>Home Investment Partership Program</keyword>
			<keyword>Community Development Programs</keyword>
			<keyword>HUD.Official.Content</keyword>
			<keyword>Boundaries</keyword>
			<keyword>Economy</keyword>
			<keyword>Location</keyword>
			<keyword>Society</keyword>
			<keyword>UNITED STATES OF AMERICA</keyword>
		</searchKeys>
		<resConst>
			<Consts><useLimit>HUD and the dataset and metadata authors assume no responsibility for the use or misuse of the dataset. No warranty, expressed or implied is made with regard to the accuracy of the spatial accuracy, and no liability is assumed by the U.S. Government in general, the dataset creators or the U.S. Department of Housing and Urban Development specifically, as to the spatial or attribute accuracy of the data.</useLimit>
			</Consts>
		</resConst>
		<resConst>
			<SecConsts>
				<class>
					<ClasscationCd value="001"/>
				</class>
				<classSys>United States Federal Classification System</classSys>
				<handDesc>At will.</handDesc>
			</SecConsts>
		</resConst>
		<spatRpType>
			<SpatRepTypCd value="001"/>
		</spatRpType>
		<tpCat>
			<TopicCatCd value="003"/>
		</tpCat>
		<tpCat>
			<TopicCatCd value="005"/>
		</tpCat>
		<tpCat>
			<TopicCatCd value="013"/>
		</tpCat>
		<tpCat>
			<TopicCatCd value="016"/>
		</tpCat>
		<envirDesc>Esri ArcGIS 12.9.3.32739</envirDesc>
		<dataExt>
			<geoEle>
				<GeoBndBox>
					<exTypeCode>true</exTypeCode>
					<westBL>-159.483539</westBL>
					<eastBL>-64.703117</eastBL>
					<northBL>64.841086</northBL>
					<southBL>17.746805</southBL>
				</GeoBndBox>
			</geoEle>
		</dataExt>
		<dataLang><languageCode value="eng" Sync="TRUE"/><countryCode value="USA" Sync="TRUE"/></dataLang><dataExt><geoEle><GeoBndBox esriExtentType="search"><exTypeCode Sync="TRUE">1</exTypeCode><westBL Sync="TRUE">-159.483396</westBL><eastBL Sync="TRUE">-64.703117</eastBL><northBL Sync="TRUE">64.841385</northBL><southBL Sync="TRUE">17.746805</southBL></GeoBndBox></geoEle></dataExt></dataIdInfo>
	<mdConst>
		<SecConsts>
			<class>
				<ClasscationCd value="001"/>
			</class>
			<classSys>United States Federal Classification System</classSys>
			<handDesc>At will.</handDesc>
		</SecConsts>
	</mdConst>
	<spatRepInfo>
		<VectSpatRep><geometObjs Name="HOME_PROGRAM_ACTIVITY"><geoObjTyp><GeoObjTypCd value="004" Sync="TRUE"/></geoObjTyp><geoObjCnt Sync="TRUE">46249</geoObjCnt></geometObjs><topLvl><TopoLevCd value="001" Sync="TRUE"/></topLvl></VectSpatRep></spatRepInfo>
	<eainfo>
		<detailed Name="HOME_PROGRAM_ACTIVITY">
			<enttyp>
				<enttypl>HOME Program Activity</enttypl>
				<enttypd>The Community Development Block Grant (CDBG) and HOME Investments Partnership Program (HOME) are federal block grants distributed via formula to states and local governments.  The HOME Program is a federal block grant program distributed (via formula) to states and local governments. Participating jurisdictions may use HOME funds for a variety of housing activities, according to local housing needs. Eligible uses of funds include: tenant-based rental assistance, housing rehabilitation, assistance to home-buyers, and new construction of housing.</enttypd>
				<enttypds>U.S. Department of Housing and Urban Development</enttypds>
				<enttypt Sync="TRUE">Feature Class</enttypt><enttypc Sync="TRUE">46249</enttypc></enttyp>
			<attr>
				<attrlabl>OBJECTID</attrlabl>
				<attrdef>In ArcGIS, a system-managed value that uniquely identifies a record or feature.</attrdef>
				<attrdefs>HUD Authors</attrdefs>
				<attrdomv>
					<udom>Sequential unique whole numbers that are automatically generated.</udom>
				</attrdomv>
				<attalias Sync="TRUE">OBJECTID</attalias><attrtype Sync="TRUE">OID</attrtype><attwidth Sync="TRUE">4</attwidth><atprecis Sync="TRUE">0</atprecis><attscale Sync="TRUE">0</attscale></attr>
			<attr>
				<attrlabl>ID</attrlabl>
				<attrdef>In Integrated Disbursement and Information System (IDIS), a uniquely generated value that identifies the record; Numeric version of ID</attrdef>
				<attrdefs>HUD Authors</attrdefs>
				<attalias Sync="TRUE">ID</attalias><attrtype Sync="TRUE">Double</attrtype><attwidth Sync="TRUE">8</attwidth><atprecis Sync="TRUE">0</atprecis><attscale Sync="TRUE">0</attscale></attr>
			<attr>
				<attrlabl>GRANTEE</attrlabl>
				<attrdef>HOME Grantee Name</attrdef>
				<attrdefs>HUD Authors</attrdefs>
				<attalias Sync="TRUE">GRANTEE</attalias><attrtype Sync="TRUE">String</attrtype><attwidth Sync="TRUE">100</attwidth><atprecis Sync="TRUE">0</atprecis><attscale Sync="TRUE">0</attscale></attr>
			<attr>
				<attrlabl>GRANTEE_TYPE</attrlabl>
				<attrdef>Type of Grantee; state grantees (TYPE = 21), entitlement grantees (TYPE = 51, 52, 61),  Hawaiian small cities (TYPE = 77) and consortia (TYPE = 90).  Entitlement grantees can be categorized as metropolitan cities, central city (TYPE = 51), metropolitan cities, other city (TYPE = 52) and urban counties (TYPE = 61).</attrdef>
				<attrdefs>HUD Authors</attrdefs>
				<attalias Sync="TRUE">GRANTEE_TYPE</attalias><attrtype Sync="TRUE">Integer</attrtype><attwidth Sync="TRUE">4</attwidth><atprecis Sync="TRUE">0</atprecis><attscale Sync="TRUE">0</attscale></attr>
			<attr>
				<attrlabl>GRANTEE_ID</attrlabl>
				<attrdef>Grantee ID associated with CDBG Grantee</attrdef>
				<attrdefs>HUD Authors</attrdefs>
				<attalias Sync="TRUE">GRANTEE_ID</attalias><attrtype Sync="TRUE">Double</attrtype><attwidth Sync="TRUE">8</attwidth><atprecis Sync="TRUE">0</atprecis><attscale Sync="TRUE">0</attscale></attr>
			<attr>
				<attrlabl>IDIS_ACTV_ID</attrlabl>
				<attrdef>IDIS Activity ID representing the individual activity associated with the CDBG Grantee</attrdef>
				<attrdefs>HUD Authors</attrdefs>
				<attalias Sync="TRUE">IDIS_ACTV_ID</attalias><attrtype Sync="TRUE">Double</attrtype><attwidth Sync="TRUE">8</attwidth><atprecis Sync="TRUE">0</atprecis><attscale Sync="TRUE">0</attscale></attr>
			<attr>
				<attrlabl>ADDRESS</attrlabl>
				<attrdef>Street Address</attrdef>
				<attrdefs>HUD Authors</attrdefs>
				<attalias Sync="TRUE">ADDRESS</attalias><attrtype Sync="TRUE">String</attrtype><attwidth Sync="TRUE">200</attwidth><atprecis Sync="TRUE">0</atprecis><attscale Sync="TRUE">0</attscale></attr>
			<attr>
				<attrlabl>CITY</attrlabl>
				<attrdef>Name of City</attrdef>
				<attrdefs>HUD Authors</attrdefs>
				<attalias Sync="TRUE">CITY</attalias><attrtype Sync="TRUE">String</attrtype><attwidth Sync="TRUE">100</attwidth><atprecis Sync="TRUE">0</atprecis><attscale Sync="TRUE">0</attscale></attr>
			<attr>
				<attrlabl>STATE</attrlabl>
				<attrdef>State Abbreviation</attrdef>
				<attrdefs>HUD Authors</attrdefs>
				<attalias Sync="TRUE">STATE</attalias><attrtype Sync="TRUE">String</attrtype><attwidth Sync="TRUE">2</attwidth><atprecis Sync="TRUE">0</atprecis><attscale Sync="TRUE">0</attscale></attr>
			<attr>
				<attrlabl>ZIP</attrlabl>
				<attrdef>ZIP Code</attrdef>
				<attrdefs>HUD Authors</attrdefs>
				<attalias Sync="TRUE">ZIP</attalias><attrtype Sync="TRUE">String</attrtype><attwidth Sync="TRUE">5</attwidth><atprecis Sync="TRUE">0</atprecis><attscale Sync="TRUE">0</attscale></attr>
			<attr>
				<attrlabl>LAT</attrlabl>
				<attrdef>Latitude (Decimal)</attrdef>
				<attrdefs>HUD Authors</attrdefs>
				<attalias Sync="TRUE">LAT</attalias><attrtype Sync="TRUE">Double</attrtype><attwidth Sync="TRUE">8</attwidth><atprecis Sync="TRUE">0</atprecis><attscale Sync="TRUE">0</attscale></attr>
			<attr>
				<attrlabl>LON</attrlabl>
				<attrdef>Longitude (Decimal)</attrdef>
				<attrdefs>HUD Authors</attrdefs>
				<attalias Sync="TRUE">LON</attalias><attrtype Sync="TRUE">Double</attrtype><attwidth Sync="TRUE">8</attwidth><atprecis Sync="TRUE">0</atprecis><attscale Sync="TRUE">0</attscale></attr>
			<attr>
				<attrlabl>NAME</attrlabl>
				<attrdef>Name of Activity</attrdef>
				<attrdefs>HUD Authors</attrdefs>
				<attalias Sync="TRUE">NAME</attalias><attrtype Sync="TRUE">String</attrtype><attwidth Sync="TRUE">100</attwidth><atprecis Sync="TRUE">0</atprecis><attscale Sync="TRUE">0</attscale></attr>
			<attr>
				<attrlabl>TOTAL_HOME_FUND</attrlabl>
				<attrdef>Total HOME Funding Amount</attrdef>
				<attrdefs>HUD Authors</attrdefs>
				<attalias Sync="TRUE">TOTAL_HOME_FUND</attalias><attrtype Sync="TRUE">Double</attrtype><attwidth Sync="TRUE">8</attwidth><atprecis Sync="TRUE">0</atprecis><attscale Sync="TRUE">0</attscale></attr>
			<attr>
				<attrlabl>TOTAL_UNITS</attrlabl>
				<attrdef>Total Units</attrdef>
				<attrdefs>HUD Authors</attrdefs>
				<attalias Sync="TRUE">TOTAL_UNITS</attalias><attrtype Sync="TRUE">Integer</attrtype><attwidth Sync="TRUE">4</attwidth><atprecis Sync="TRUE">0</atprecis><attscale Sync="TRUE">0</attscale></attr>
			<attr>
				<attrlabl>TOTAL_HOME_UNITS</attrlabl>
				<attrdef>Total HOME Units</attrdef>
				<attrdefs>HUD Authors</attrdefs>
				<attalias Sync="TRUE">TOTAL_HOME_UNITS</attalias><attrtype Sync="TRUE">Integer</attrtype><attwidth Sync="TRUE">4</attwidth><atprecis Sync="TRUE">0</atprecis><attscale Sync="TRUE">0</attscale></attr>
			<attr>
				<attrlabl>COMPLETED_DT</attrlabl>
				<attrdef>Activity Completion Date</attrdef>
				<attrdefs>HUD Authors</attrdefs>
				<attalias Sync="TRUE">COMPLETED_DT</attalias><attrtype Sync="TRUE">String</attrtype><attwidth Sync="TRUE">50</attwidth><atprecis Sync="TRUE">0</atprecis><attscale Sync="TRUE">0</attscale></attr>
			<attr>
				<attrlabl>ID_CHAR</attrlabl>
				<attrdef>In Integrated Disbursement and Information System (IDIS), a uniquely generated value that identifies the record; Character version of ID</attrdef>
				<attrdefs>HUD Authors</attrdefs>
				<attalias Sync="TRUE">ID_CHAR</attalias><attrtype Sync="TRUE">String</attrtype><attwidth Sync="TRUE">50</attwidth><atprecis Sync="TRUE">0</atprecis><attscale Sync="TRUE">0</attscale></attr>
			<attr>
				<attrlabl>ACTV_HOME_GEOMETRY</attrlabl>
				<attalias Sync="TRUE">ACTV_HOME_GEOMETRY</attalias><attrtype Sync="TRUE">Geometry</attrtype><attwidth Sync="TRUE">0</attwidth><atprecis Sync="TRUE">0</atprecis><attscale Sync="TRUE">0</attscale></attr>
		</detailed>
	</eainfo>
	<mdLang><languageCode value="eng" Sync="TRUE"/><countryCode value="USA" Sync="TRUE"/></mdLang><distInfo><distFormat><formatName Sync="TRUE">File Geodatabase Feature Class</formatName></distFormat></distInfo><mdHrLvName Sync="TRUE">dataset</mdHrLvName><refSysInfo><RefSystem><refSysID><identCode code="3857" Sync="TRUE"/><idCodeSpace Sync="TRUE">EPSG</idCodeSpace><idVersion Sync="TRUE">6.18.3(9.3.1.2)</idVersion></refSysID></RefSystem></refSysInfo><spdoinfo><ptvctinf><esriterm Name="HOME_PROGRAM_ACTIVITY"><efeatyp Sync="TRUE">Simple</efeatyp><efeageom code="1" Sync="TRUE"/><esritopo Sync="TRUE">FALSE</esritopo><efeacnt Sync="TRUE">46249</efeacnt><spindex Sync="TRUE">TRUE</spindex><linrefer Sync="TRUE">FALSE</linrefer></esriterm></ptvctinf></spdoinfo></metadata>
